Argument Shapes,Count,Device,Duration (us),Name,Percent
"float32[1, 128, 220500], float32[128, 128, 7], float32[1, 128, 1], float32[1, 128, 220500]",1,metal0,3.95248E+06,vm.builtin.call_tir_dyn,11.0645
"float32[1, 128, 220500], float32[128, 128, 7], float32[1, 128, 1], float32[1, 128, 220500]",1,metal0,3.7458E+06,vm.builtin.call_tir_dyn,10.4859
"float32[1, 256, 55125], float32[256, 256, 7], float32[1, 256, 1], float32[1, 256, 55125]",1,metal0,3.72076E+06,vm.builtin.call_tir_dyn,10.4158
"float32[1, 256, 55125], float32[256, 256, 7], float32[1, 256, 1], float32[1, 256, 55125]",1,metal0,3.51344E+06,vm.builtin.call_tir_dyn,9.83544
"float32[1, 64, 441000], float32[64, 64, 7], float32[1, 64, 1], float32[1, 64, 441000]",1,metal0,3.08843E+06,fused_conv1d21_add10,8.64569
"float32[1, 64, 441000], float32[64, 64, 7], float32[1, 64, 1], float32[1, 64, 441000]",1,metal0,2.98873E+06,fused_conv1d22_add10,8.3666
"float32[1, 64, 441000], float32[64, 64, 7], float32[1, 64, 1], float32[1, 64, 441000]",1,metal0,2.04061E+06,fused_conv1d19_add10,5.71245
"float32[1, 128, 220500], float32[128, 128, 7], float32[1, 128, 1], float32[1, 128, 220500]",1,metal0,1.95675E+06,vm.builtin.call_tir_dyn,5.47768
"float32[1, 256, 55125], float32[256, 256, 7], float32[1, 256, 1], float32[1, 256, 55125]",1,metal0,1.93127E+06,vm.builtin.call_tir_dyn,5.40636
"float32[1, 512, 6890], float32[512, 512, 7], float32[1, 512, 1], float32[1, 512, 6890]",1,metal0,1.71572E+06,vm.builtin.call_tir_dyn,4.80296
"float32[1, 512, 6890], float32[512, 512, 7], float32[1, 512, 1], float32[1, 512, 6890]",1,metal0,1.61287E+06,vm.builtin.call_tir_dyn,4.51504
"float32[1, 512, 6890], float32[512, 512, 7], float32[1, 512, 1], float32[1, 512, 6890]",1,metal0,978050,vm.builtin.call_tir_dyn,2.73793
"float32[1, 64, 441000], float32[128, 64, 4], float32[1, 128, 1], float32[1, 128, 220500]",1,metal0,894567,fused_conv1d23_add12,2.50423
"float32[1, 128, 220500], float32[256, 128, 8], float32[1, 256, 1], float32[1, 256, 55125]",1,metal0,333241,vm.builtin.call_tir_dyn,0.932868
"float32[1, 128, 220500], float32[128, 128, 1], float32[1, 128, 1], float32[1, 128, 220500], float32[1, 128, 220500]",1,metal0,279199,vm.builtin.call_tir_dyn,0.781584
"float32[1, 128, 220500], float32[128, 128, 1], float32[1, 128, 1], float32[1, 128, 220500], float32[1, 128, 220500]",1,metal0,278787,vm.builtin.call_tir_dyn,0.780431
"float32[1, 128, 220500], float32[128, 128, 1], float32[1, 128, 1], float32[1, 128, 220500], float32[1, 128, 220500]",1,metal0,278757,vm.builtin.call_tir_dyn,0.780347
"float32[1, 64, 441000], float32[64, 64, 1], float32[1, 64, 1], float32[1, 64, 441000], float32[1, 64, 441000]",1,metal0,273051,fused_conv1d20_add10_add11,0.764374
"float32[1, 64, 441000], float32[64, 64, 1], float32[1, 64, 1], float32[1, 64, 441000], float32[1, 64, 441000]",1,metal0,272988,fused_conv1d20_add10_add11,0.764196
"float32[1, 64, 441000], float32[64, 64, 1], float32[1, 64, 1], float32[1, 64, 441000], float32[1, 64, 441000]",1,metal0,272871,fused_conv1d20_add10_add11,0.763871
"float32[1, 256, 55125], float32[512, 256, 16], float32[1, 512, 1], float32[1, 512, 6890]",1,metal0,240764,vm.builtin.call_tir_dyn,0.673989
"float32[1, 1, 441000], float32[64, 1, 7], float32[1, 64, 1], float32[1, 64, 441000]",1,metal0,190445,fused_conv1d18_add10,0.533127
"float32[1, 1024, 861], float32[1024, 1024, 3], float32[1, 1024, 1], float32[1, 1024, 861]",1,metal0,187202,vm.builtin.call_tir_dyn,0.524048
"float32[1, 256, 55125], float32[256, 256, 1], float32[1, 256, 1], float32[1, 256, 55125], float32[1, 256, 55125]",1,metal0,163230,vm.builtin.call_tir_dyn,0.456942
"float32[1, 256, 55125], float32[256, 256, 1], float32[1, 256, 1], float32[1, 256, 55125], float32[1, 256, 55125]",1,metal0,163174,vm.builtin.call_tir_dyn,0.456786
"float32[1, 256, 55125], float32[256, 256, 1], float32[1, 256, 1], float32[1, 256, 55125], float32[1, 256, 55125]",1,metal0,163130,vm.builtin.call_tir_dyn,0.456662
"float32[1, 512, 6890], float32[1024, 512, 16], float32[1, 1024, 1], float32[1, 1024, 861]",1,metal0,56207.2,vm.builtin.call_tir_dyn,0.157345
"float32[1, 512, 6890], float32[512, 512, 1], float32[1, 512, 1], float32[1, 512, 6890], float32[1, 512, 6890]",1,metal0,51781.8,vm.builtin.call_tir_dyn,0.144957
"float32[1, 512, 6890], float32[512, 512, 1], float32[1, 512, 1], float32[1, 512, 6890], float32[1, 512, 6890]",1,metal0,51684.5,vm.builtin.call_tir_dyn,0.144685
"float32[1, 512, 6890], float32[512, 512, 1], float32[1, 512, 1], float32[1, 512, 6890], float32[1, 512, 6890]",1,metal0,51666.6,vm.builtin.call_tir_dyn,0.144635
"float32[1, 1, 441000]",1,metal0,32694.3,vm.builtin.check_tensor_info,0.0915239
"float32[1, 8, 861], float32[1024, 8, 1], float32[1, 1024, 1], float32[1, 1024, 861]",1,metal0,9840.62,vm.builtin.call_tir_dyn,0.0275477
"float32[1, 1024, 861], float32[1, 1024, 861], float32[1, 1024, 861], float32[1, 1024, 861], float32[1, 1024, 861], float32[1, 1024, 861], float32[1, 1024, 861], float32[1, 1024, 861], float32[1, 8, 861], float32[1024, 8, 1], float32[1, 1024, 1], float32[1, 1024, 861]",1,metal0,9702.17,vm.builtin.call_tir_dyn,0.0271601
"float32[1, 8, 861], float32[1024, 8, 1], float32[1, 1024, 1], float32[1, 1024, 861]",1,metal0,9671,vm.builtin.call_tir_dyn,0.0270728
"float32[1, 8, 861], float32[1024, 8, 1], float32[1, 1024, 1], float32[1, 1024, 861]",1,metal0,9668.33,vm.builtin.call_tir_dyn,0.0270653
"float32[1, 8, 861], float32[1024, 8, 1], float32[1, 1024, 1], float32[1, 1024, 861]",1,metal0,9663.96,vm.builtin.call_tir_dyn,0.0270531
"float32[1, 8, 861], float32[1024, 8, 1], float32[1, 1024, 1], float32[1, 1024, 861]",1,metal0,9661.08,vm.builtin.call_tir_dyn,0.027045
"float32[1, 8, 861], float32[1024, 8, 1], float32[1, 1024, 1], float32[1, 1024, 861]",1,metal0,9660.33,vm.builtin.call_tir_dyn,0.0270429
"float32[1, 8, 861], float32[1024, 8, 1], float32[1, 1024, 1], float32[1, 1024, 861]",1,metal0,9658.46,vm.builtin.call_tir_dyn,0.0270377
"float32[1, 8, 861], float32[1024, 8, 1], float32[1, 1024, 1], float32[1, 1024, 861]",1,metal0,9658.42,vm.builtin.call_tir_dyn,0.0270376
"float32[1, 64, 441000], float32[1, 64, 1], float32[1, 64, 441000]",1,metal0,6245.5,snake,0.0174835
"float32[1, 128, 220500], float32[1, 128, 1], float32[1, 128, 220500]",1,metal0,4128.58,vm.builtin.call_tir_dyn,0.0115575
"float32[1, 128, 220500], float32[1, 128, 1], float32[1, 128, 220500]",1,metal0,4119.83,vm.builtin.call_tir_dyn,0.011533
"float32[1, 128, 220500], float32[1, 128, 1], float32[1, 128, 220500]",1,metal0,4107.75,vm.builtin.call_tir_dyn,0.0114992
"float32[1, 128, 220500], float32[1, 128, 1], float32[1, 128, 220500]",1,metal0,4106.96,vm.builtin.call_tir_dyn,0.0114969
"float32[1, 128, 220500], float32[1, 128, 1], float32[1, 128, 220500]",1,metal0,4099.71,vm.builtin.call_tir_dyn,0.0114766
"float32[1, 128, 220500], float32[1, 128, 1], float32[1, 128, 220500]",1,metal0,4091.92,vm.builtin.call_tir_dyn,0.0114548
"float32[1, 128, 220500], float32[1, 128, 1], float32[1, 128, 220500]",1,metal0,4059.46,vm.builtin.call_tir_dyn,0.011364
"float32[1, 64, 441000], float32[1, 64, 1], float32[1, 64, 441000]",1,metal0,4048.62,snake,0.0113336
"float32[1, 64, 441000], float32[1, 64, 1], float32[1, 64, 441000]",1,metal0,3947.46,snake,0.0110504
"float32[1, 64, 441000], float32[1, 64, 1], float32[1, 64, 441000]",1,metal0,3887.33,snake,0.0108821
"float32[1, 64, 441000], float32[1, 64, 1], float32[1, 64, 441000]",1,metal0,3873.29,snake,0.0108428
"float32[1, 64, 441000], float32[1, 64, 1], float32[1, 64, 441000]",1,metal0,3848.58,snake,0.0107736
"float32[1, 64, 441000], float32[1, 64, 1], float32[1, 64, 441000]",1,metal0,3804.29,snake,0.0106497
"float32[1, 256, 55125], float32[1, 256, 1], float32[1, 256, 55125]",1,metal0,3414.88,vm.builtin.call_tir_dyn,0.00955954
"float32[1, 256, 55125], float32[1, 256, 1], float32[1, 256, 55125]",1,metal0,2338.17,vm.builtin.call_tir_dyn,0.00654542
"float32[1, 256, 55125], float32[1, 256, 1], float32[1, 256, 55125]",1,metal0,2329,vm.builtin.call_tir_dyn,0.00651976
"float32[1, 256, 55125], float32[1, 256, 1], float32[1, 256, 55125]",1,metal0,2303.25,vm.builtin.call_tir_dyn,0.00644767
"float32[1, 256, 55125], float32[1, 256, 1], float32[1, 256, 55125]",1,metal0,2296.62,vm.builtin.call_tir_dyn,0.00642913
"float32[1, 256, 55125], float32[1, 256, 1], float32[1, 256, 55125]",1,metal0,2291.33,vm.builtin.call_tir_dyn,0.00641431
"float32[1, 256, 55125], float32[1, 256, 1], float32[1, 256, 55125]",1,metal0,2252.62,vm.builtin.call_tir_dyn,0.00630595
"float32[861, 8], float32[8, 1024], float32[861, 1], float32[1, 1024], float32[861, 1024]",1,metal0,1151.12,vm.builtin.call_tir_dyn,0.00322244
"float32[861, 8], float32[8, 1024], float32[861, 1], float32[1, 1024], float32[861, 1024]",1,metal0,1150.5,vm.builtin.call_tir_dyn,0.00322069
"float32[861, 8], float32[8, 1024], float32[861, 1], float32[1, 1024], float32[861, 1024]",1,metal0,1147.96,vm.builtin.call_tir_dyn,0.00321357
"float32[861, 8], float32[8, 1024], float32[861, 1], float32[1, 1024], float32[861, 1024]",1,metal0,1145.46,vm.builtin.call_tir_dyn,0.00320658
"float32[861, 8], float32[8, 1024], float32[861, 1], float32[1, 1024], float32[861, 1024]",1,metal0,1142.04,vm.builtin.call_tir_dyn,0.00319701
"float32[861, 8], float32[8, 1024], float32[861, 1], float32[1, 1024], float32[861, 1024]",1,metal0,1141.62,vm.builtin.call_tir_dyn,0.00319584
"float32[861, 8], float32[8, 1024], float32[861, 1], float32[1, 1024], float32[861, 1024]",1,metal0,1139.71,vm.builtin.call_tir_dyn,0.00319048
"float32[861, 8], float32[8, 1024], float32[861, 1], float32[1, 1024], float32[861, 1024]",1,metal0,1137.88,vm.builtin.call_tir_dyn,0.00318535
"float32[861, 8], float32[8, 1024], float32[861, 1], float32[1, 1024], float32[861, 1024]",1,metal0,1129.38,vm.builtin.call_tir_dyn,0.00316155
"float32[1, 512, 6890], float32[1, 512, 1], float32[1, 512, 6890]",1,metal0,1072.46,vm.builtin.call_tir_dyn,0.00300222
"float32[1024, 512, 16], float32[1024, 1, 1]",1,metal0,925.875,fused_tir_square26_sum26,0.00259188
"float32[861, 1024], int32[861, 1024]",1,metal0,911.208,vm.builtin.call_tir_dyn,0.00255082
"float32[1, 512, 6890], float32[1, 512, 1], float32[1, 512, 6890]",1,metal0,863.958,vm.builtin.call_tir_dyn,0.00241855
"float32[1, 512, 6890], float32[1, 512, 1], float32[1, 512, 6890]",1,metal0,811.542,vm.builtin.call_tir_dyn,0.00227181
"float32[861, 1024], int32[861, 1024]",1,metal0,809.125,vm.builtin.call_tir_dyn,0.00226505
"float32[1, 512, 6890], float32[1, 512, 1], float32[1, 512, 6890]",1,metal0,793.084,vm.builtin.call_tir_dyn,0.00222014
"float32[1, 512, 6890], float32[1, 512, 1], float32[1, 512, 6890]",1,metal0,787.041,vm.builtin.call_tir_dyn,0.00220323
"float32[861, 1024], int32[861, 1024]",1,metal0,781.333,vm.builtin.call_tir_dyn,0.00218725
"float32[1, 512, 6890], float32[1, 512, 1], float32[1, 512, 6890]",1,metal0,765.041,vm.builtin.call_tir_dyn,0.00214164
"float32[1, 512, 6890], float32[1, 512, 1], float32[1, 512, 6890]",1,metal0,764.166,vm.builtin.call_tir_dyn,0.00213919
"float32[861, 1024], int32[861, 1024]",1,metal0,631.209,vm.builtin.call_tir_dyn,0.00176699
"float32[861, 1024], int32[861, 1024]",1,metal0,628.708,vm.builtin.call_tir_dyn,0.00175999
"float32[861, 1024], int32[861, 1024]",1,metal0,622.708,vm.builtin.call_tir_dyn,0.0017432
"float32[861, 1024], int32[861, 1024]",1,metal0,619.625,vm.builtin.call_tir_dyn,0.00173457
"float32[861, 1024], int32[861, 1024]",1,metal0,619.5,vm.builtin.call_tir_dyn,0.00173422
"float32[861, 1024], int32[861, 1024]",1,metal0,615.209,vm.builtin.call_tir_dyn,0.0017222
"float32[1024, 1024, 3], float32[1024, 1, 1]",1,metal0,490,fused_tir_square27_sum27,0.0013717
"float32[1, 1024, 861], float32[1, 1024, 1], float32[1, 1024, 861]",1,metal0,436.291,vm.builtin.call_tir_dyn,0.00122134
"float32[512, 256, 16], float32[512, 1, 1]",1,metal0,414.167,fused_tir_square23_sum23,0.00115941
"float32[1, 1024, 861], float32[8, 1024, 1], float32[1, 8, 1], float32[1, 8, 861]",1,metal0,391.625,vm.builtin.call_tir_dyn,0.00109631
"float32[512, 512, 7], float32[512, 1, 1]",1,metal0,380.833,fused_tir_square24_sum24,0.0010661
"float32[512, 512, 7], float32[512, 1, 1]",1,metal0,376.958,fused_tir_square24_sum24,0.00105525
"float32[512, 512, 7], float32[512, 1, 1]",1,metal0,375.042,fused_tir_square24_sum24,0.00104989
"float32[861, 1], float32[861, 8], float32[861, 8]",1,metal0,362.209,vm.builtin.call_tir_dyn,0.00101396
"float32[1, 1024, 861], float32[8, 1024, 1], float32[1, 8, 1], float32[1, 8, 861]",1,metal0,351.833,vm.builtin.call_tir_dyn,0.000984914
"float32[1, 1024, 861], float32[8, 1024, 1], float32[1, 8, 1], float32[1, 8, 861]",1,metal0,351.125,vm.builtin.call_tir_dyn,0.000982933
"float32[1, 1024, 861], float32[8, 1024, 1], float32[1, 8, 1], float32[1, 8, 861]",1,metal0,349,vm.builtin.call_tir_dyn,0.000976984
"float32[1, 1024, 861], float32[8, 1024, 1], float32[1, 8, 1], float32[1, 8, 861]",1,metal0,346.584,vm.builtin.call_tir_dyn,0.000970221
"float32[1, 1024, 861], float32[8, 1024, 1], float32[1, 8, 1], float32[1, 8, 861]",1,metal0,346.375,vm.builtin.call_tir_dyn,0.000969635
"float32[8, 1024, 1], float32[8, 1, 1]",1,metal0,343.958,fused_tir_square28_sum28,0.000962869
"float32[1, 1024, 861], float32[8, 1024, 1], float32[1, 8, 1], float32[1, 8, 861]",1,metal0,342.875,vm.builtin.call_tir_dyn,0.000959838
"float32[1, 1024, 861], float32[8, 1024, 1], float32[1, 8, 1], float32[1, 8, 861]",1,metal0,342.375,vm.builtin.call_tir_dyn,0.000958438
"float32[1, 1024, 861], float32[1, 1024, 861], float32[1, 1024, 861]",1,metal0,329.083,vm.builtin.call_tir_dyn,0.000921229
"float32[1, 1024, 861], float32[8, 1024, 1], float32[1, 8, 1], float32[1, 8, 861]",1,metal0,329.083,vm.builtin.call_tir_dyn,0.000921229
"float32[1, 1024, 861], float32[1, 1024, 861], float32[1, 1024, 861]",1,metal0,327.125,vm.builtin.call_tir_dyn,0.000915747
"float32[64, 1, 1], float32[64, 64, 7], float32[64, 1, 1], float32[64, 64, 7]",1,metal0,325.708,fused_tir_sqrt6_divide15_multiply15,0.000911781
"float32[1, 1024, 861], float32[1, 1024, 861], float32[1, 1024, 861]",1,metal0,323.5,vm.builtin.call_tir_dyn,0.0009056
"float32[1024, 1, 1], float32[1024, 512, 16], float32[1024, 1, 1], float32[1024, 512, 16]",1,metal0,315.583,fused_tir_sqrt10_divide26_multiply26,0.000883437
"float32[1, 1024, 861], float32[1, 1024, 861], float32[1, 1024, 861]",1,metal0,311.875,vm.builtin.call_tir_dyn,0.000873057
"float32[1, 1024, 861], float32[1, 1024, 861], float32[1, 1024, 861]",1,metal0,311.834,vm.builtin.call_tir_dyn,0.000872942
"float32[1, 1024, 861], float32[1, 1024, 861], float32[1, 1024, 861]",1,metal0,310.417,vm.builtin.call_tir_dyn,0.000868975
"float32[1, 1024, 861], float32[1, 1024, 861], float32[1, 1024, 861]",1,metal0,286.375,vm.builtin.call_tir_dyn,0.000801673
"float32[1, 1024, 861], float32[1, 1024, 861], float32[1, 1024, 861]",1,metal0,285.459,vm.builtin.call_tir_dyn,0.000799108
"float32[256, 1, 1], float32[256, 256, 1], float32[256, 1, 1], float32[256, 256, 1]",1,metal0,280.125,fused_tir_sqrt8_divide22_multiply22,0.000784177
"float32[512, 1, 1], float32[512, 512, 7], float32[512, 1, 1], float32[512, 512, 7]",1,metal0,277.916,fused_tir_sqrt9_divide24_multiply24,0.000777993
"float32[256, 256, 7], float32[256, 1, 1]",1,metal0,276.583,fused_tir_square21_sum21,0.000774261
"float32[256, 256, 7], float32[256, 1, 1]",1,metal0,269.375,fused_tir_square21_sum21,0.000754083
"float32[256, 128, 8], float32[256, 1, 1]",1,metal0,263.5,fused_tir_square20_sum20,0.000737637
"float32[256, 256, 7], float32[256, 1, 1]",1,metal0,252.417,fused_tir_square21_sum21,0.000706611
"float32[128, 128, 7], float32[128, 1, 1]",1,metal0,251.542,fused_tir_square18_sum18,0.000704162
"float32[128, 1, 1], float32[128, 128, 7], float32[128, 1, 1], float32[128, 128, 7]",1,metal0,250.25,fused_tir_sqrt7_divide18_multiply18,0.000700545
"float32[64, 64, 1], float32[64, 1, 1]",1,metal0,244.959,fused_tir_square16_sum16,0.000685733
"float32[128, 128, 1], float32[128, 1, 1]",1,metal0,243.459,fused_tir_square19_sum19,0.000681534
"float32[128, 1, 1], float32[128, 128, 7], float32[128, 1, 1], float32[128, 128, 7]",1,metal0,243.083,fused_tir_sqrt7_divide18_multiply18,0.000680482
"float32[128, 128, 7], float32[128, 1, 1]",1,metal0,235.583,fused_tir_square18_sum18,0.000659486
"float32[512, 512, 1], float32[512, 1, 1]",1,metal0,235.042,fused_tir_square25_sum25,0.000657972
"float32[256, 1, 1], float32[256, 128, 8], float32[256, 1, 1], float32[256, 128, 8]",1,metal0,234.458,fused_tir_sqrt8_divide20_multiply20,0.000656337
"float32[64, 64, 7], float32[64, 1, 1]",1,metal0,233.25,fused_tir_square15_sum15,0.000652956
"float32[256, 256, 1], float32[256, 1, 1]",1,metal0,230.208,fused_tir_square22_sum22,0.00064444
"float32[512, 1, 1], float32[512, 256, 16], float32[512, 1, 1], float32[512, 256, 16]",1,metal0,230.208,fused_tir_sqrt9_divide23_multiply23,0.00064444
"float32[512, 512, 1], float32[512, 1, 1]",1,metal0,229.5,fused_tir_square25_sum25,0.000642458
"float32[128, 1, 1], float32[128, 128, 1], float32[128, 1, 1], float32[128, 128, 1]",1,metal0,229.292,fused_tir_sqrt7_divide19_multiply19,0.000641876
"float32[512, 512, 1], float32[512, 1, 1]",1,metal0,228.041,fused_tir_square25_sum25,0.000638374
"float32[256, 256, 1], float32[256, 1, 1]",1,metal0,226.709,fused_tir_square22_sum22,0.000634645
"float32[512, 1, 1], float32[512, 512, 7], float32[512, 1, 1], float32[512, 512, 7]",1,metal0,224,fused_tir_sqrt9_divide24_multiply24,0.000627061
"float32[64, 1, 1], float32[64, 64, 1], float32[64, 1, 1], float32[64, 64, 1]",1,metal0,223.375,fused_tir_sqrt6_divide16_multiply16,0.000625312
"float32[256, 1, 1], float32[256, 256, 1], float32[256, 1, 1], float32[256, 256, 1]",1,metal0,220.416,fused_tir_sqrt8_divide22_multiply22,0.000617028
"float32[64, 64, 7], float32[64, 1, 1]",1,metal0,219.709,fused_tir_square15_sum15,0.000615049
"float32[256, 1, 1], float32[256, 256, 1], float32[256, 1, 1], float32[256, 256, 1]",1,metal0,218.416,fused_tir_sqrt8_divide22_multiply22,0.00061143
"float32[128, 128, 1], float32[128, 1, 1]",1,metal0,218.333,fused_tir_square19_sum19,0.000611197
"float32[512, 1, 1], float32[512, 512, 7], float32[512, 1, 1], float32[512, 512, 7]",1,metal0,215.625,fused_tir_sqrt9_divide24_multiply24,0.000603616
"float32[128, 128, 7], float32[128, 1, 1]",1,metal0,215.167,fused_tir_square18_sum18,0.000602334
"float32[128, 64, 4], float32[128, 1, 1]",1,metal0,214.167,fused_tir_square17_sum17,0.000599535
"float32[1024, 1, 1], float32[1024, 1024, 3], float32[1024, 1, 1], float32[1024, 1024, 3]",1,metal0,213.583,fused_tir_sqrt10_divide27_multiply27,0.0005979
"float32[256, 1, 1], float32[256, 256, 7], float32[256, 1, 1], float32[256, 256, 7]",1,metal0,213,fused_tir_sqrt8_divide21_multiply21,0.000596268
"float32[256, 1, 1], float32[256, 256, 7], float32[256, 1, 1], float32[256, 256, 7]",1,metal0,213,fused_tir_sqrt8_divide21_multiply21,0.000596268
"float32[64, 64, 1], float32[64, 1, 1]",1,metal0,211.583,fused_tir_square16_sum16,0.000592301
"float32[128, 128, 1], float32[128, 1, 1]",1,metal0,210.25,fused_tir_square19_sum19,0.00058857
"float32[64, 1, 1], float32[64, 64, 1], float32[64, 1, 1], float32[64, 64, 1]",1,metal0,209.958,fused_tir_sqrt6_divide16_multiply16,0.000587752
"float32[1, 861, 8], float32[1, 8, 861]",1,metal0,208.417,vm.builtin.call_tir_dyn,0.000583439
"float32[64, 64, 1], float32[64, 1, 1]",1,metal0,206.917,fused_tir_square16_sum16,0.000579239
"float32[128, 1, 1], float32[128, 128, 7], float32[128, 1, 1], float32[128, 128, 7]",1,metal0,206.791,fused_tir_sqrt7_divide18_multiply18,0.000578887
"float32[64, 1, 1], float32[64, 64, 7], float32[64, 1, 1], float32[64, 64, 7]",1,metal0,206.75,fused_tir_sqrt6_divide15_multiply15,0.000578772
"float32[1024, 8], float32[1024, 1]",1,metal0,206.667,fused_tir_square30_sum30,0.00057854
"float32[1, 8, 861], float32[1, 861, 8]",1,metal0,206.333,vm.builtin.call_tir_dyn,0.000577605
"float32[64, 1, 1], float32[64, 64, 7], float32[64, 1, 1], float32[64, 64, 7]",1,metal0,205,fused_tir_sqrt6_divide15_multiply15,0.000573873
"float32[1, 861, 8], float32[1, 8, 861]",1,metal0,203.709,vm.builtin.call_tir_dyn,0.000570259
"float32[1, 8, 861], float32[1, 861, 8]",1,metal0,202.708,vm.builtin.call_tir_dyn,0.000567457
"float32[1024, 8], float32[1024, 1]",1,metal0,202.25,fused_tir_square30_sum30,0.000566175
"float32[512, 1, 1], float32[512, 512, 1], float32[512, 1, 1], float32[512, 512, 1]",1,metal0,200.792,fused_tir_sqrt9_divide25_multiply25,0.000562093
"float32[512, 1, 1], float32[512, 512, 1], float32[512, 1, 1], float32[512, 512, 1]",1,metal0,200.584,fused_tir_sqrt9_divide25_multiply25,0.000561511
"float32[256, 256, 1], float32[256, 1, 1]",1,metal0,199.167,fused_tir_square22_sum22,0.000557544
"float32[256, 1, 1], float32[256, 256, 7], float32[256, 1, 1], float32[256, 256, 7]",1,metal0,198.25,fused_tir_sqrt8_divide21_multiply21,0.000554977
"float32[64, 64, 7], float32[64, 1, 1]",1,metal0,197.917,fused_tir_square15_sum15,0.000554045
"float32[861, 8], float32[861, 1]",1,metal0,197.875,vm.builtin.call_tir_dyn,0.000553927
"float32[1024, 8, 1], float32[1024, 1, 1]",1,metal0,197.416,fused_tir_square32_sum32,0.000552643
"float32[1024, 8], float32[1024, 1]",1,metal0,195.459,fused_tir_square30_sum30,0.000547164
"float32[1024, 8, 1], float32[1024, 1, 1]",1,metal0,195.375,fused_tir_square32_sum32,0.000546929
"float32[64, 1, 7], float32[64, 1, 1]",1,metal0,195.292,fused_tir_square14_sum14,0.000546697
"float32[1024, 8], float32[1024, 1]",1,metal0,194.917,fused_tir_square30_sum30,0.000545647
"float32[1024, 8, 1], float32[1024, 1, 1]",1,metal0,194.791,fused_tir_square32_sum32,0.000545294
"float32[128, 1, 1], float32[128, 64, 4], float32[128, 1, 1], float32[128, 64, 4]",1,metal0,194.25,fused_tir_sqrt7_divide17_multiply17,0.00054378
"float32[1024, 1, 1], float32[1024, 8, 1], float32[1024, 1, 1], float32[1024, 8, 1]",1,metal0,193.75,fused_tir_sqrt10_divide31_multiply30,0.00054238
"float32[1024, 8], float32[1024, 1]",1,metal0,193.417,fused_tir_square30_sum30,0.000541448
"float32[1024, 8], float32[1024, 1]",1,metal0,192.959,fused_tir_square30_sum30,0.000540166
"float32[1024, 8], float32[1024, 1]",1,metal0,192.584,fused_tir_square30_sum30,0.000539116
"float32[1024, 8, 1], float32[1024, 1, 1]",1,metal0,192.375,fused_tir_square32_sum32,0.000538531
"float32[861, 8], float32[861, 1]",1,metal0,192.333,vm.builtin.call_tir_dyn,0.000538413
"float32[512, 1, 1], float32[512, 512, 1], float32[512, 1, 1], float32[512, 512, 1]",1,metal0,192.041,fused_tir_sqrt9_divide25_multiply25,0.000537596
"float32[8, 1024, 1], float32[8, 1, 1]",1,metal0,190.875,fused_tir_square28_sum28,0.000534332
"float32[1024, 8], float32[1024, 1]",1,metal0,190.542,fused_tir_square30_sum30,0.0005334
"float32[8, 1024, 1], float32[8, 1, 1]",1,metal0,190.25,fused_tir_square28_sum28,0.000532582
"float32[861, 8], float32[861, 1]",1,metal0,190.166,vm.builtin.call_tir_dyn,0.000532347
"float32[861, 8], float32[861, 1]",1,metal0,189.291,vm.builtin.call_tir_dyn,0.000529898
"float32[1024, 8], float32[1024, 1]",1,metal0,189.25,fused_tir_square30_sum30,0.000529783
"float32[861, 8], float32[861, 1]",1,metal0,188.875,vm.builtin.call_tir_dyn,0.000528733
"float32[1024, 8, 1], float32[1024, 1, 1]",1,metal0,188.542,fused_tir_square32_sum32,0.000527801
"float32[861, 8], float32[861, 1]",1,metal0,188.458,vm.builtin.call_tir_dyn,0.000527566
"float32[1024, 8, 1], float32[1024, 1, 1]",1,metal0,188.292,fused_tir_square32_sum32,0.000527101
"float32[861, 8], float32[861, 1]",1,metal0,188.042,vm.builtin.call_tir_dyn,0.000526401
"float32[861, 8], float32[861, 1]",1,metal0,187.917,vm.builtin.call_tir_dyn,0.000526051
"float32[1024, 8], float32[8, 1024]",1,metal0,187.917,transpose1,0.000526051
"float32[8, 1024, 1], float32[8, 1, 1]",1,metal0,187.792,fused_tir_square28_sum28,0.000525701
"float32[861, 8], float32[861, 1]",1,metal0,187.708,vm.builtin.call_tir_dyn,0.000525466
"float32[1024, 8], float32[1024, 1]",1,metal0,187.5,fused_tir_square30_sum30,0.000524884
"float32[861, 8], float32[861, 1]",1,metal0,187.458,vm.builtin.call_tir_dyn,0.000524766
"float32[861, 1], float32[861, 8], float32[861, 8]",1,metal0,187.25,vm.builtin.call_tir_dyn,0.000524184
"float32[1024, 8], float32[1024, 1]",1,metal0,187.25,fused_tir_square30_sum30,0.000524184
"float32[1024, 1], float32[1024, 8], float32[1024, 8]",1,metal0,187.041,fused_broadcast_to1_maximum1_tir_sqrt13_divide30,0.000523599
"float32[861, 8], float32[861, 1]",1,metal0,186.875,vm.builtin.call_tir_dyn,0.000523134
"float32[1024, 8], float32[1024, 1]",1,metal0,186.542,fused_tir_square30_sum30,0.000522202
"int32[861, 1024], int32[1], int32[861, 1]",1,metal0,186.5,vm.builtin.call_tir_dyn,0.000522084
"float32[861, 8], float32[861, 1]",1,metal0,185.792,vm.builtin.call_tir_dyn,0.000520103
"float32[1, 8, 861], float32[1, 861, 8]",1,metal0,185.583,vm.builtin.call_tir_dyn,0.000519517
"float32[8, 1, 1], float32[8, 1024, 1], float32[8, 1, 1], float32[8, 1024, 1]",1,metal0,185.5,fused_tir_sqrt11_divide28_multiply28,0.000519285
"float32[861, 8], float32[861, 1]",1,metal0,185.5,vm.builtin.call_tir_dyn,0.000519285
"float32[861, 8], float32[861, 1]",1,metal0,185.083,vm.builtin.call_tir_dyn,0.000518118
"float32[1024, 8, 1], float32[1024, 1, 1]",1,metal0,184.959,fused_tir_square32_sum32,0.000517771
"float32[1024, 1], float32[1024, 8], float32[1024, 8]",1,metal0,184.333,fused_broadcast_to1_maximum1_tir_sqrt13_divide30,0.000516018
"int32[861, 1024], int32[1], int32[861, 1]",1,metal0,184.208,vm.builtin.call_tir_dyn,0.000515668
"float32[1024, 1, 1], float32[1024, 8, 1], float32[1024, 1, 1], float32[1024, 8, 1]",1,metal0,183.791,fused_tir_sqrt10_divide31_multiply30,0.000514501
"float32[861, 8], float32[861, 1]",1,metal0,183.625,vm.builtin.call_tir_dyn,0.000514036
"float32[128, 1, 1], float32[128, 128, 1], float32[128, 1, 1], float32[128, 128, 1]",1,metal0,183.541,fused_tir_sqrt7_divide19_multiply19,0.000513801
"float32[1024, 1], float32[1024, 8], float32[1024, 8]",1,metal0,183.334,fused_broadcast_to1_maximum1_tir_sqrt13_divide30,0.000513222
"float32[861, 8], float32[861, 1]",1,metal0,182.833,vm.builtin.call_tir_dyn,0.000511819
"int32[861, 1024], int32[1], int32[861, 1]",1,metal0,182.542,vm.builtin.call_tir_dyn,0.000511005
"float32[861, 8], float32[861, 1]",1,metal0,182.5,vm.builtin.call_tir_dyn,0.000510887
"float32[1024, 8], float32[1024, 1]",1,metal0,182.292,fused_tir_square30_sum30,0.000510305
"float32[1024, 8], float32[1024, 1]",1,metal0,181.875,fused_tir_square30_sum30,0.000509137
"float32[1024, 8], float32[1024, 1]",1,metal0,181.834,fused_tir_square30_sum30,0.000509023
"float32[1024, 1, 1], float32[1024, 8, 1], float32[1024, 1, 1], float32[1024, 8, 1]",1,metal0,181.292,fused_tir_sqrt10_divide31_multiply30,0.000507505
"int32[861, 1024], int32[1], int32[861, 1]",1,metal0,181.083,vm.builtin.call_tir_dyn,0.00050692
"float32[1024, 8], float32[8, 1024]",1,metal0,181.042,transpose1,0.000506805
"float32[8, 1, 1], float32[8, 1024, 1], float32[8, 1, 1], float32[8, 1024, 1]",1,metal0,180.917,fused_tir_sqrt11_divide28_multiply28,0.000506456
"float32[861, 8], float32[861, 1]",1,metal0,180.708,vm.builtin.call_tir_dyn,0.00050587
"float32[1024, 8], float32[1024, 1]",1,metal0,180.667,fused_tir_square30_sum30,0.000505756
"float32[128, 1, 1], float32[128, 128, 1], float32[128, 1, 1], float32[128, 128, 1]",1,metal0,179.625,fused_tir_sqrt7_divide19_multiply19,0.000502839
"float32[1024, 8], float32[8, 1024]",1,metal0,179.459,transpose1,0.000502374
"float32[1024, 1], float32[1024, 8], float32[1024, 8]",1,metal0,179.333,fused_broadcast_to1_maximum1_tir_sqrt13_divide30,0.000502021
"float32[8, 1024, 1], float32[8, 1, 1]",1,metal0,179.083,fused_tir_square28_sum28,0.000501321
"float32[1, 8, 861], float32[1, 861, 8]",1,metal0,178.875,vm.builtin.call_tir_dyn,0.000500739
"float32[1024, 1, 1], float32[1024, 8, 1], float32[1024, 1, 1], float32[1024, 8, 1]",1,metal0,178.542,fused_tir_sqrt10_divide31_multiply30,0.000499807
"float32[1024, 8], float32[1024, 1]",1,metal0,178.542,fused_tir_square30_sum30,0.000499807
"float32[8, 1024, 1], float32[8, 1, 1]",1,metal0,178.541,fused_tir_square28_sum28,0.000499804
"float32[861, 1], float32[861, 8], float32[861, 8]",1,metal0,178.5,vm.builtin.call_tir_dyn,0.000499689
"float32[1024, 8], float32[1024, 1]",1,metal0,178.25,fused_tir_square30_sum30,0.00049899
"int32[861, 1024], int32[1], int32[861, 1]",1,metal0,178.167,vm.builtin.call_tir_dyn,0.000498757
"float32[8, 1, 1], float32[8, 1024, 1], float32[8, 1, 1], float32[8, 1024, 1]",1,metal0,178.083,fused_tir_sqrt11_divide28_multiply28,0.000498522
"float32[1024, 1], float32[1024, 8], float32[1024, 8]",1,metal0,177.833,fused_broadcast_to1_maximum1_tir_sqrt13_divide30,0.000497822
"int32[861, 1024], int32[1], int32[861, 1]",1,metal0,177.25,vm.builtin.call_tir_dyn,0.00049619
"float32[8, 1, 1], float32[8, 1024, 1], float32[8, 1, 1], float32[8, 1024, 1]",1,metal0,177.167,fused_tir_sqrt11_divide28_multiply28,0.000495958
"float32[1, 8, 861], float32[1, 861, 8]",1,metal0,176.958,vm.builtin.call_tir_dyn,0.000495373
"float32[1, 861, 8], float32[1, 8, 861]",1,metal0,176.833,vm.builtin.call_tir_dyn,0.000495023
"float32[8, 1, 1], float32[8, 1024, 1], float32[8, 1, 1], float32[8, 1024, 1]",1,metal0,176.792,fused_tir_sqrt11_divide28_multiply28,0.000494908
"float32[1, 8, 861], float32[1, 861, 8]",1,metal0,176.75,vm.builtin.call_tir_dyn,0.000494791
"float32[1024, 8], float32[8, 1024]",1,metal0,176.709,transpose1,0.000494676
"float32[1024, 8, 1], float32[1024, 1, 1]",1,metal0,176.416,fused_tir_square32_sum32,0.000493856
"float32[8, 1, 1], float32[8, 1024, 1], float32[8, 1, 1], float32[8, 1024, 1]",1,metal0,176.333,fused_tir_sqrt11_divide28_multiply28,0.000493623
"float32[1, 861, 8], float32[1, 8, 861]",1,metal0,176.291,vm.builtin.call_tir_dyn,0.000493506
"int32[861, 1024], int32[1], int32[861, 1]",1,metal0,176.041,vm.builtin.call_tir_dyn,0.000492806
"float32[64, 1, 1], float32[64, 1, 7], float32[64, 1, 1], float32[64, 1, 7]",1,metal0,176,fused_tir_sqrt6_divide14_multiply14,0.000492691
"float32[1024, 1], float32[1024, 8], float32[1024, 8]",1,metal0,175.959,fused_broadcast_to1_maximum1_tir_sqrt13_divide30,0.000492576
"float32[1024, 1, 1], float32[1024, 8, 1], float32[1024, 1, 1], float32[1024, 8, 1]",1,metal0,175.958,fused_tir_sqrt10_divide31_multiply30,0.000492573
"float32[861, 1], float32[861, 8], float32[861, 8]",1,metal0,175.958,vm.builtin.call_tir_dyn,0.000492573
"float32[1024, 1, 1], float32[1024, 8, 1], float32[1024, 1, 1], float32[1024, 8, 1]",1,metal0,175.75,fused_tir_sqrt10_divide31_multiply30,0.000491991
"float32[8, 1024, 1], float32[8, 1, 1]",1,metal0,174.792,fused_tir_square28_sum28,0.000489309
"float32[1024, 1, 1], float32[1024, 8, 1], float32[1024, 1, 1], float32[1024, 8, 1]",1,metal0,174.625,fused_tir_sqrt10_divide31_multiply30,0.000488842
"float32[1, 861, 8], float32[1, 8, 861]",1,metal0,174.625,vm.builtin.call_tir_dyn,0.000488842
"float32[1, 861, 8], float32[1, 8, 861]",1,metal0,174.417,vm.builtin.call_tir_dyn,0.00048826
"float32[1024, 8], float32[8, 1024]",1,metal0,174.084,transpose1,0.000487327
"float32[1024, 8], int32[861], float32[861, 8]",1,metal0,173.75,vm.builtin.call_tir_dyn,0.000486392
"float32[1, 861, 8], float32[1, 8, 861]",1,metal0,173.625,vm.builtin.call_tir_dyn,0.000486042
"float32[8, 1, 1], float32[8, 1024, 1], float32[8, 1, 1], float32[8, 1024, 1]",1,metal0,173.417,fused_tir_sqrt11_divide28_multiply28,0.00048546
"float32[1, 861, 8], float32[1, 8, 861]",1,metal0,173.208,vm.builtin.call_tir_dyn,0.000484875
"float32[861, 1], float32[861, 8], float32[861, 8]",1,metal0,173,vm.builtin.call_tir_dyn,0.000484293
"float32[64, 1, 1], float32[64, 64, 1], float32[64, 1, 1], float32[64, 64, 1]",1,metal0,172.917,fused_tir_sqrt6_divide16_multiply16,0.000484061
"float32[1024, 8], int32[861], float32[861, 8]",1,metal0,172.792,vm.builtin.call_tir_dyn,0.000483711
"float32[1024, 8], float32[8, 1024]",1,metal0,172.791,transpose1,0.000483708
"float32[1024, 8], int32[861], float32[861, 8]",1,metal0,172.625,vm.builtin.call_tir_dyn,0.000483243
"float32[861, 1], float32[861, 8], float32[861, 8]",1,metal0,171.958,vm.builtin.call_tir_dyn,0.000481376
"float32[8, 1024, 1], float32[8, 1, 1]",1,metal0,171.917,fused_tir_square28_sum28,0.000481261
"float32[1024, 8], int32[861], float32[861, 8]",1,metal0,171.917,vm.builtin.call_tir_dyn,0.000481261
"float32[1, 8, 861], float32[1, 861, 8]",1,metal0,171.583,vm.builtin.call_tir_dyn,0.000480326
"float32[8, 1, 1], float32[8, 1024, 1], float32[8, 1, 1], float32[8, 1024, 1]",1,metal0,171.541,fused_tir_sqrt11_divide28_multiply28,0.000480209
"float32[1024, 8, 1], float32[1024, 1, 1]",1,metal0,171.541,fused_tir_square32_sum32,0.000480209
"float32[1024, 1], float32[1024, 8], float32[1024, 8]",1,metal0,171.167,fused_broadcast_to1_maximum1_tir_sqrt13_divide30,0.000479162
"float32[8, 1024, 1], float32[8, 1, 1]",1,metal0,170.916,fused_tir_square28_sum28,0.000478459
"float32[1024, 8], int32[861], float32[861, 8]",1,metal0,170.083,vm.builtin.call_tir_dyn,0.000476127
"float32[1, 8, 861], float32[1, 861, 8]",1,metal0,170.042,vm.builtin.call_tir_dyn,0.000476012
"float32[8, 1, 1], float32[8, 1024, 1], float32[8, 1, 1], float32[8, 1024, 1]",1,metal0,169.875,fused_tir_sqrt11_divide28_multiply28,0.000475545
"float32[1024, 1], float32[1024, 8], float32[1024, 8]",1,metal0,169.667,fused_broadcast_to1_maximum1_tir_sqrt13_divide30,0.000474963
"float32[1024, 1], float32[1024, 8], float32[1024, 8]",1,metal0,169.583,fused_broadcast_to1_maximum1_tir_sqrt13_divide30,0.000474727
"float32[1024, 8], int32[861], float32[861, 8]",1,metal0,168.959,vm.builtin.call_tir_dyn,0.000472981
"float32[1024, 8], int32[861], float32[861, 8]",1,metal0,168.833,vm.builtin.call_tir_dyn,0.000472628
"float32[1024, 8], float32[8, 1024]",1,metal0,167.833,transpose1,0.000469828
"float32[1, 861, 8], float32[1, 8, 861]",1,metal0,167.666,vm.builtin.call_tir_dyn,0.000469361
"float32[1024, 8], float32[8, 1024]",1,metal0,167.584,transpose1,0.000469131
"float32[1024, 8], int32[861], float32[861, 8]",1,metal0,167.459,vm.builtin.call_tir_dyn,0.000468781
"float32[1024, 8], float32[8, 1024]",1,metal0,167.167,transpose1,0.000467964
"float32[861, 1], float32[861, 8], float32[861, 8]",1,metal0,166.792,vm.builtin.call_tir_dyn,0.000466914
"int32[861, 1024], int32[1], int32[861, 1]",1,metal0,166.334,vm.builtin.call_tir_dyn,0.000465632
"float32[861, 1], float32[861, 8], float32[861, 8]",1,metal0,166.167,vm.builtin.call_tir_dyn,0.000465165
"int32[861, 1024], int32[1], int32[861, 1]",1,metal0,164.041,vm.builtin.call_tir_dyn,0.000459213
"float32[861, 1], float32[861, 8], float32[861, 8]",1,metal0,161.709,vm.builtin.call_tir_dyn,0.000452685
"float32[1024, 8], int32[861], float32[861, 8]",1,metal0,155.375,vm.builtin.call_tir_dyn,0.000434954
"float32[1024, 1, 1], float32[1024, 8, 1], float32[1024, 1, 1], float32[1024, 8, 1]",1,metal0,155.125,fused_tir_sqrt10_divide31_multiply30,0.000434254
"float32[1, 8, 861], float32[1, 861, 8]",1,metal0,153.25,vm.builtin.call_tir_dyn,0.000429005
"float32[1024, 1, 1], float32[1024, 8, 1], float32[1024, 1, 1], float32[1024, 8, 1]",1,metal0,150.583,fused_tir_sqrt10_divide31_multiply30,0.000421539
float32[128],1,metal0,68.542,vm.builtin.reshape,0.000191875
"float32[1, 128, 220500]",1,metal0,65.792,vm.builtin.reshape,0.000184177
"float32[1, 64, 441000]",1,metal0,65.625,vm.builtin.reshape,0.000183709
"float32[1, 512, 6890]",1,metal0,64.5,vm.builtin.reshape,0.00018056
"float32[1, 128, 220500]",1,metal0,64.375,vm.builtin.reshape,0.00018021
"float32[1, 64, 441000]",1,metal0,63.75,vm.builtin.reshape,0.000178461
"float32[1, 128, 220500]",1,metal0,63.25,vm.builtin.reshape,0.000177061
"float32[1, 256, 55125]",1,metal0,62.75,vm.builtin.reshape,0.000175661
"float32[1, 512, 6890]",1,metal0,62.208,vm.builtin.reshape,0.000174144
"float32[1, 1024, 861]",1,metal0,61.583,vm.builtin.reshape,0.000172394
"float32[1, 64, 441000]",1,metal0,61.291,vm.builtin.reshape,0.000171577
"float32[1, 512, 6890]",1,metal0,61.208,vm.builtin.reshape,0.000171344
"float32[1, 128, 220500]",1,metal0,61.042,vm.builtin.reshape,0.00017088
"float32[1, 128, 220500]",1,metal0,60.917,vm.builtin.reshape,0.00017053
"float32[1, 256, 55125]",1,metal0,60.625,vm.builtin.reshape,0.000169712
"float32[1, 128, 220500]",1,metal0,60.583,vm.builtin.reshape,0.000169595
float32[64],1,metal0,60.375,vm.builtin.reshape,0.000169013
"float32[1, 512, 6890]",1,metal0,59.958,vm.builtin.reshape,0.000167845
"float32[1, 512, 6890]",1,metal0,59.834,vm.builtin.reshape,0.000167498
"float32[1, 64, 441000]",1,metal0,59.833,vm.builtin.reshape,0.000167495
"float32[1, 256, 55125]",1,metal0,59.583,vm.builtin.reshape,0.000166795
"float32[1, 256, 55125]",1,metal0,59.292,vm.builtin.reshape,0.000165981
"float32[1, 512, 6890]",1,metal0,58.959,vm.builtin.reshape,0.000165049
"float32[1, 128, 220500]",1,metal0,58.916,vm.builtin.reshape,0.000164928
float32[256],1,metal0,58.75,vm.builtin.reshape,0.000164464
"float32[1, 256, 55125]",1,metal0,58.75,vm.builtin.reshape,0.000164464
"float32[1, 64, 441000]",1,metal0,58.041,vm.builtin.reshape,0.000162479
"float32[1, 128, 220500]",1,metal0,57.875,vm.builtin.reshape,0.000162014
"float32[1, 512, 6890]",1,metal0,57.625,vm.builtin.reshape,0.000161314
"float32[1, 128, 220500]",1,metal0,57.166,vm.builtin.reshape,0.000160029
"int32[1, 861], int32[1, 861], int32[1, 861], int32[1, 861], int32[1, 861], int32[1, 861], int32[1, 861], int32[1, 861], int32[1, 861]",1,metal0,56.875,vm.builtin.make_tuple,0.000159215
"float32[1, 256, 55125]",1,metal0,56.708,vm.builtin.reshape,0.000158747
"float32[1, 512, 6890]",1,metal0,56.666,vm.builtin.reshape,0.00015863
"float32[1, 64, 441000]",1,metal0,56.5,vm.builtin.reshape,0.000158165
"float32[1, 128, 220500]",1,metal0,56.417,vm.builtin.reshape,0.000157933
"float32[1, 128, 220500]",1,metal0,56.292,vm.builtin.reshape,0.000157583
"float32[1, 128, 220500]",1,metal0,56.083,vm.builtin.reshape,0.000156998
"float32[1, 256, 55125]",1,metal0,56.042,vm.builtin.reshape,0.000156883
"float32[1, 256, 55125]",1,metal0,55.833,vm.builtin.reshape,0.000156298
"float32[1, 256, 55125]",1,metal0,54.708,vm.builtin.reshape,0.000153149
"float32[1, 256, 55125]",1,metal0,54.542,vm.builtin.reshape,0.000152684
"float32[1, 128, 220500]",1,metal0,54,vm.builtin.reshape,0.000151167
"float32[1, 64, 441000]",1,metal0,53.792,vm.builtin.reshape,0.000150584
"float32[1, 512, 6890]",1,metal0,53.5,vm.builtin.reshape,0.000149767
"float32[1, 64, 441000]",1,metal0,52.333,vm.builtin.reshape,0.0001465
"int32[1, 861]",1,metal0,51.25,vm.builtin.reshape,0.000143468
"float32[1, 64, 441000]",1,metal0,49.792,vm.builtin.reshape,0.000139387
"int32[1, 861]",1,metal0,49.375,vm.builtin.reshape,0.000138219
float32[8],1,metal0,44.959,vm.builtin.reshape,0.000125857
float32[512],1,metal0,44.666,vm.builtin.reshape,0.000125037
"int32[861, 1]",1,metal0,44.625,vm.builtin.reshape,0.000124922
float32[512],1,metal0,44.083,vm.builtin.reshape,0.000123405
"float32[1, 64, 441000]",1,metal0,43.458,vm.builtin.reshape,0.000121655
float32[8],1,metal0,43.334,vm.builtin.reshape,0.000121308
float32[512],1,metal0,43.292,vm.builtin.reshape,0.000121191
"float32[861, 8]",1,metal0,43.25,vm.builtin.reshape,0.000121073
"float32[861, 8]",1,metal0,42.917,vm.builtin.reshape,0.000120141
"float32[861, 8]",1,metal0,42.5,vm.builtin.reshape,0.000118974
"float32[1024, 1]",1,metal0,42.125,vm.builtin.reshape,0.000117924
"float32[1, 256, 55125]",1,metal0,41.792,vm.builtin.reshape,0.000116992
"float32[1024, 1]",1,metal0,41.792,vm.builtin.reshape,0.000116992
"float32[1, 861, 8]",1,metal0,41.709,vm.builtin.reshape,0.000116759
"float32[1024, 1]",1,metal0,40.833,vm.builtin.reshape,0.000114307
"float32[1, 256, 55125]",1,metal0,40.667,vm.builtin.reshape,0.000113842
float32[64],1,metal0,39.5,vm.builtin.reshape,0.000110576
"float32[861, 8]",1,metal0,39.167,vm.builtin.reshape,0.000109643
float32[512],1,metal0,38.958,vm.builtin.reshape,0.000109058
float32[64],1,metal0,38.666,vm.builtin.reshape,0.000108241
float32[8],1,metal0,38.5,vm.builtin.reshape,0.000107776
float32[1024],1,metal0,38.458,vm.builtin.reshape,0.000107659
float32[256],1,metal0,38.333,vm.builtin.reshape,0.000107309
float32[1024],1,metal0,38.291,vm.builtin.reshape,0.000107191
float32[128],1,metal0,38.125,vm.builtin.reshape,0.000106726
float32[8],1,metal0,38.125,vm.builtin.reshape,0.000106726
float32[64],1,metal0,38.084,vm.builtin.reshape,0.000106612
float32[64],1,metal0,38,vm.builtin.reshape,0.000106376
float32[128],1,metal0,37.834,vm.builtin.reshape,0.000105912
float32[8],1,metal0,37.792,vm.builtin.reshape,0.000105794
"int32[1, 861]",1,metal0,37.792,vm.builtin.reshape,0.000105794
float32[256],1,metal0,37.5,vm.builtin.reshape,0.000104977
float32[512],1,metal0,37.417,vm.builtin.reshape,0.000104744
float32[256],1,metal0,37.041,vm.builtin.reshape,0.000103692
"float32[861, 8]",1,metal0,36.917,vm.builtin.reshape,0.000103345
"int32[861, 1]",1,metal0,36.625,vm.builtin.reshape,0.000102527
"float32[861, 8]",1,metal0,36.542,vm.builtin.reshape,0.000102295
float32[256],1,metal0,36.5,vm.builtin.reshape,0.000102177
"float32[861, 8]",1,metal0,36.5,vm.builtin.reshape,0.000102177
float32[8],1,metal0,36.375,vm.builtin.reshape,0.000101827
float32[8],1,metal0,36.208,vm.builtin.reshape,0.00010136
"int32[861, 1]",1,metal0,36.167,vm.builtin.reshape,0.000101245
float32[8],1,metal0,36.125,vm.builtin.reshape,0.000101128
"float32[1, 256, 55125]",1,metal0,36.084,vm.builtin.reshape,0.000101013
"float32[1024, 1]",1,metal0,36.042,vm.builtin.reshape,0.000100895
"float32[1024, 1]",1,metal0,35.959,vm.builtin.reshape,0.000100663
"float32[1024, 1]",1,metal0,35.917,vm.builtin.reshape,0.000100545
float32[128],1,metal0,35.916,vm.builtin.reshape,0.000100543
"float32[861, 8]",1,metal0,35.875,vm.builtin.reshape,0.000100428
"float32[1, 512, 6890]",1,metal0,35.708,vm.builtin.reshape,9.99603E-05
float32[512],1,metal0,35.667,vm.builtin.reshape,9.98455E-05
"int32[861, 1]",1,metal0,35.625,vm.builtin.reshape,9.97279E-05
"float32[1, 128, 220500]",1,metal0,35.583,vm.builtin.reshape,9.96104E-05
float32[1024],1,metal0,35.542,vm.builtin.reshape,9.94956E-05
float32[1024],1,metal0,35.541,vm.builtin.reshape,9.94928E-05
float32[512],1,metal0,35.459,vm.builtin.reshape,9.92632E-05
"float32[1024, 1]",1,metal0,35.459,vm.builtin.reshape,9.92632E-05
float32[1024],1,metal0,35.459,vm.builtin.reshape,9.92632E-05
"float32[1, 861, 8]",1,metal0,35.459,vm.builtin.reshape,9.92632E-05
float32[64],1,metal0,35.458,vm.builtin.reshape,9.92604E-05
"float32[1, 861, 8]",1,metal0,35.458,vm.builtin.reshape,9.92604E-05
"float32[1, 861, 8]",1,metal0,35.417,vm.builtin.reshape,9.91457E-05
"float32[1, 861, 8]",1,metal0,35.417,vm.builtin.reshape,9.91457E-05
"float32[1024, 1]",1,metal0,35.416,vm.builtin.reshape,9.91429E-05
"float32[1, 861, 8]",1,metal0,35.375,vm.builtin.reshape,9.90281E-05
float32[128],1,metal0,35.333,vm.builtin.reshape,9.89105E-05
float32[1024],1,metal0,35.292,vm.builtin.reshape,9.87957E-05
float32[256],1,metal0,35.291,vm.builtin.reshape,9.87929E-05
float32[1024],1,metal0,35.167,vm.builtin.reshape,9.84458E-05
"float32[1, 512, 6890]",1,metal0,35.125,vm.builtin.reshape,9.83282E-05
float32[256],1,metal0,35.084,vm.builtin.reshape,9.82135E-05
float32[1024],1,metal0,35.083,vm.builtin.reshape,9.82107E-05
"int32[861, 1]",1,metal0,35.042,vm.builtin.reshape,9.80959E-05
float32[1024],1,metal0,35.042,vm.builtin.reshape,9.80959E-05
"float32[1024, 1]",1,metal0,35.042,vm.builtin.reshape,9.80959E-05
float32[1024],1,metal0,35,vm.builtin.reshape,9.79783E-05
"float32[1, 861, 8]",1,metal0,35,vm.builtin.reshape,9.79783E-05
float32[128],1,metal0,34.958,vm.builtin.reshape,9.78607E-05
float32[1024],1,metal0,34.958,vm.builtin.reshape,9.78607E-05
"int32[861, 1]",1,metal0,34.875,vm.builtin.reshape,9.76284E-05
"int32[861, 1]",1,metal0,34.834,vm.builtin.reshape,9.75136E-05
"float32[1, 861, 8]",1,metal0,34.792,vm.builtin.reshape,9.73961E-05
float32[8],1,metal0,34.75,vm.builtin.reshape,9.72785E-05
"float32[1, 512, 6890]",1,metal0,34.541,vm.builtin.reshape,9.66934E-05
"int32[861, 1]",1,metal0,34.5,vm.builtin.reshape,9.65786E-05
"float32[1, 64, 441000]",1,metal0,34.417,vm.builtin.reshape,9.63463E-05
"int32[861, 1]",1,metal0,34.417,vm.builtin.reshape,9.63463E-05
"float32[1, 512, 6890]",1,metal0,34.375,vm.builtin.reshape,9.62287E-05
"float32[1, 1024, 861]",1,metal0,34.375,vm.builtin.reshape,9.62287E-05
"float32[1, 861, 8]",1,metal0,34.375,vm.builtin.reshape,9.62287E-05
"float32[861, 8]",1,metal0,34.25,vm.builtin.reshape,9.58788E-05
"int32[1, 861]",1,metal0,33.958,vm.builtin.reshape,9.50614E-05
float32[128],1,metal0,33.916,vm.builtin.reshape,9.49438E-05
float32[64],1,metal0,33.625,vm.builtin.reshape,9.41292E-05
"int32[1, 861]",1,metal0,33.458,vm.builtin.reshape,9.36617E-05
"int32[1, 861]",1,metal0,33.25,vm.builtin.reshape,9.30794E-05
"int32[1, 861]",1,metal0,33.25,vm.builtin.reshape,9.30794E-05
"int32[1, 861]",1,metal0,33,vm.builtin.reshape,9.23796E-05
"float32[1, 256, 55125]",1,metal0,32.875,vm.builtin.reshape,9.20296E-05
"int32[1, 861]",1,metal0,32.625,vm.builtin.reshape,9.13298E-05
"float32[1, 64, 441000]",1,metal0,31.583,vm.builtin.reshape,8.84128E-05
"float32[1, 64, 441000]",1,metal0,30.417,vm.builtin.reshape,8.51488E-05
"float32[1, 64, 441000]",1,metal0,27.417,vm.builtin.reshape,7.67506E-05
"float32[1, 512, 6890]",1,metal0,24.167,vm.builtin.reshape,6.76526E-05
"float32[1, 1024, 861]",1,metal0,22.542,vm.builtin.make_tuple,6.31036E-05
int64[15],1,cpu0,7,vm.builtin.make_shape,1.95957E-05
int64[15],1,cpu0,3.458,vm.builtin.make_shape,9.68026E-06
int64[15],1,cpu0,3.125,vm.builtin.make_shape,8.74806E-06
int64[15],1,cpu0,2.875,vm.builtin.make_shape,8.04822E-06
int64[15],1,cpu0,2.833,vm.builtin.make_shape,7.93065E-06
int64[15],1,cpu0,2.833,vm.builtin.make_shape,7.93065E-06
"float32[1, 1, 441000], int64[15]",1,cpu0,2.75,vm.builtin.match_shape,7.6983E-06
int64[15],1,cpu0,2.666,vm.builtin.make_shape,7.46315E-06
int64[15],1,cpu0,2.625,vm.builtin.make_shape,7.34837E-06
int64[15],1,cpu0,2.583,vm.builtin.make_shape,7.2308E-06
int64[15],1,cpu0,2.583,vm.builtin.make_shape,7.2308E-06
int64[15],1,cpu0,2.542,vm.builtin.make_shape,7.11603E-06
int64[15],1,cpu0,2.5,vm.builtin.make_shape,6.99845E-06
int64[15],1,cpu0,2.5,vm.builtin.make_shape,6.99845E-06
int64[15],1,cpu0,2.5,vm.builtin.make_shape,6.99845E-06
int64[15],1,cpu0,2.459,vm.builtin.make_shape,6.88368E-06
int64[15],1,cpu0,2.458,vm.builtin.make_shape,6.88088E-06
int64[15],1,cpu0,2.416,vm.builtin.make_shape,6.7633E-06
int64[15],1,cpu0,2.375,vm.builtin.make_shape,6.64853E-06
int64[15],1,cpu0,2.292,vm.builtin.make_shape,6.41618E-06
int64[15],1,cpu0,2.291,vm.builtin.make_shape,6.41338E-06
int64[15],1,cpu0,2.208,vm.builtin.make_shape,6.18103E-06
int64[15],1,cpu0,2.084,vm.builtin.make_shape,5.83391E-06
int64[15],1,cpu0,2.083,shape_func2,5.83111E-06
int64[15],1,cpu0,2.083,vm.builtin.make_shape,5.83111E-06
int64[15],1,cpu0,2,vm.builtin.make_shape,5.59876E-06
int64[15],1,cpu0,2,vm.builtin.make_shape,5.59876E-06
int64[15],1,cpu0,1.958,vm.builtin.make_shape,5.48119E-06
int64[15],1,cpu0,1.917,vm.builtin.make_shape,5.36641E-06
int64[15],1,cpu0,1.917,vm.builtin.make_shape,5.36641E-06
int64[15],1,cpu0,1.875,vm.builtin.make_shape,5.24884E-06
int64[15],1,cpu0,1.875,vm.builtin.make_shape,5.24884E-06
int64[15],1,cpu0,1.875,vm.builtin.make_shape,5.24884E-06
int64[15],1,cpu0,1.834,vm.builtin.make_shape,5.13406E-06
int64[15],1,cpu0,1.834,vm.builtin.make_shape,5.13406E-06
int64[15],1,cpu0,1.833,vm.builtin.make_shape,5.13126E-06
int64[15],1,cpu0,1.792,vm.builtin.make_shape,5.01649E-06
int64[15],1,cpu0,1.791,vm.builtin.make_shape,5.01369E-06
int64[15],1,cpu0,1.791,vm.builtin.make_shape,5.01369E-06
int64[15],1,cpu0,1.791,vm.builtin.make_shape,5.01369E-06
int64[15],1,cpu0,1.75,vm.builtin.make_shape,4.89892E-06
int64[15],1,cpu0,1.75,vm.builtin.make_shape,4.89892E-06
int64[15],1,cpu0,1.75,vm.builtin.make_shape,4.89892E-06
int64[15],1,cpu0,1.709,vm.builtin.make_shape,4.78414E-06
int64[15],1,cpu0,1.708,vm.builtin.make_shape,4.78134E-06
int64[15],1,cpu0,1.708,vm.builtin.make_shape,4.78134E-06
int64[15],1,cpu0,1.667,vm.builtin.make_shape,4.66657E-06
int64[15],1,cpu0,1.667,vm.builtin.make_shape,4.66657E-06
int64[15],1,cpu0,1.667,vm.builtin.make_shape,4.66657E-06
int64[15],1,cpu0,1.667,vm.builtin.make_shape,4.66657E-06
int64[15],1,cpu0,1.666,vm.builtin.make_shape,4.66377E-06
int64[15],1,cpu0,1.584,vm.builtin.make_shape,4.43422E-06
int64[15],1,cpu0,1.542,vm.builtin.make_shape,4.31664E-06
int64[15],1,cpu0,1.542,vm.builtin.make_shape,4.31664E-06
int64[15],1,cpu0,1.541,vm.builtin.make_shape,4.31385E-06
int64[15],1,cpu0,1.541,vm.builtin.make_shape,4.31385E-06
int64[15],1,cpu0,1.5,vm.builtin.make_shape,4.19907E-06
int64[15],1,cpu0,1.459,vm.builtin.make_shape,4.0843E-06
int64[15],1,cpu0,1.458,vm.builtin.make_shape,4.0815E-06
int64[15],1,cpu0,1.458,vm.builtin.make_shape,4.0815E-06
int64[15],1,cpu0,1.458,vm.builtin.make_shape,4.0815E-06
int64[15],1,cpu0,1.458,vm.builtin.make_shape,4.0815E-06
int64[15],1,cpu0,1.375,vm.builtin.make_shape,3.84915E-06
int64[15],1,cpu0,1.375,vm.builtin.make_shape,3.84915E-06
int64[15],1,cpu0,1.333,vm.builtin.make_shape,3.73157E-06
int64[15],1,cpu0,1.333,vm.builtin.make_shape,3.73157E-06
int64[15],1,cpu0,1.333,vm.builtin.make_shape,3.73157E-06
int64[15],1,cpu0,1.333,vm.builtin.make_shape,3.73157E-06
int64[15],1,cpu0,1.292,vm.builtin.make_shape,3.6168E-06
int64[15],1,cpu0,1.292,vm.builtin.make_shape,3.6168E-06
int64[15],1,cpu0,1.292,vm.builtin.make_shape,3.6168E-06
int64[15],1,cpu0,1.291,vm.builtin.make_shape,3.614E-06
int64[15],1,cpu0,1.25,vm.builtin.make_shape,3.49923E-06
int64[15],1,cpu0,1.209,vm.builtin.make_shape,3.38445E-06
int64[15],1,cpu0,1.167,vm.builtin.make_shape,3.26688E-06
int64[15],1,cpu0,1.167,vm.builtin.make_shape,3.26688E-06
int64[15],1,cpu0,1.166,vm.builtin.make_shape,3.26408E-06
int64[15],1,cpu0,1.125,vm.builtin.make_shape,3.1493E-06
int64[15],1,cpu0,1.125,vm.builtin.make_shape,3.1493E-06
int64[15],1,cpu0,1.125,vm.builtin.make_shape,3.1493E-06
int64[15],1,cpu0,1.084,vm.builtin.make_shape,3.03453E-06
int64[15],1,cpu0,1.084,vm.builtin.make_shape,3.03453E-06
"float32[1, 1024, 861], int64[15]",1,cpu0,1.083,vm.builtin.match_shape,3.03173E-06
int64[15],1,cpu0,1.042,vm.builtin.make_shape,2.91695E-06
int64[15],1,cpu0,0.917,vm.builtin.make_shape,2.56703E-06
int64[15],1,cpu0,0.917,vm.builtin.make_shape,2.56703E-06
int64[15],1,cpu0,0.875,vm.builtin.make_shape,2.44946E-06
int64[15],1,cpu0,0.833,vm.builtin.make_shape,2.33188E-06
int64[15],1,cpu0,0.833,vm.builtin.make_shape,2.33188E-06
int64[15],1,cpu0,0.833,vm.builtin.make_shape,2.33188E-06
int64[15],1,cpu0,0.833,vm.builtin.make_shape,2.33188E-06
int64[15],1,cpu0,0.833,vm.builtin.make_shape,2.33188E-06
int64[15],1,cpu0,0.792,vm.builtin.make_shape,2.21711E-06
int64[15],1,cpu0,0.792,vm.builtin.make_shape,2.21711E-06
int64[15],1,cpu0,0.792,vm.builtin.make_shape,2.21711E-06
int64[15],1,cpu0,0.792,vm.builtin.make_shape,2.21711E-06
int64[15],1,cpu0,0.792,vm.builtin.make_shape,2.21711E-06
int64[15],1,cpu0,0.792,vm.builtin.make_shape,2.21711E-06
int64[15],1,cpu0,0.792,vm.builtin.make_shape,2.21711E-06
int64[15],1,cpu0,0.792,vm.builtin.make_shape,2.21711E-06
int64[15],1,cpu0,0.792,vm.builtin.make_shape,2.21711E-06
int64[15],1,cpu0,0.791,vm.builtin.make_shape,2.21431E-06
int64[15],1,cpu0,0.75,vm.builtin.make_shape,2.09954E-06
int64[15],1,cpu0,0.75,vm.builtin.make_shape,2.09954E-06
int64[15],1,cpu0,0.75,vm.builtin.make_shape,2.09954E-06
int64[15],1,cpu0,0.75,vm.builtin.make_shape,2.09954E-06
int64[15],1,cpu0,0.75,vm.builtin.make_shape,2.09954E-06
int64[15],1,cpu0,0.709,vm.builtin.make_shape,1.98476E-06
int64[15],1,cpu0,0.708,vm.builtin.make_shape,1.98196E-06
int64[15],1,cpu0,0.708,vm.builtin.make_shape,1.98196E-06
int64[15],1,cpu0,0.708,vm.builtin.make_shape,1.98196E-06
int64[15],1,cpu0,0.708,vm.builtin.make_shape,1.98196E-06
int64[15],1,cpu0,0.667,vm.builtin.make_shape,1.86719E-06
int64[15],1,cpu0,0.667,vm.builtin.make_shape,1.86719E-06
int64[15],1,cpu0,0.666,vm.builtin.make_shape,1.86439E-06
int64[15],1,cpu0,0.666,vm.builtin.make_shape,1.86439E-06
int64[15],1,cpu0,0.666,vm.builtin.make_shape,1.86439E-06
int64[15],1,cpu0,0.625,vm.builtin.make_shape,1.74961E-06
int64[15],1,cpu0,0.625,vm.builtin.make_shape,1.74961E-06
int64[15],1,cpu0,0.625,vm.builtin.make_shape,1.74961E-06
int64[15],1,cpu0,0.625,vm.builtin.make_shape,1.74961E-06
int64[15],1,cpu0,0.625,vm.builtin.make_shape,1.74961E-06
int64[15],1,cpu0,0.625,vm.builtin.make_shape,1.74961E-06
int64[15],1,cpu0,0.625,vm.builtin.make_shape,1.74961E-06
int64[15],1,cpu0,0.625,vm.builtin.make_shape,1.74961E-06
int64[15],1,cpu0,0.625,vm.builtin.make_shape,1.74961E-06
int64[15],1,cpu0,0.625,vm.builtin.make_shape,1.74961E-06
int64[15],1,cpu0,0.625,vm.builtin.make_shape,1.74961E-06
int64[15],1,cpu0,0.584,vm.builtin.make_shape,1.63484E-06
int64[15],1,cpu0,0.584,vm.builtin.make_shape,1.63484E-06
int64[15],1,cpu0,0.583,vm.builtin.make_shape,1.63204E-06
int64[15],1,cpu0,0.583,vm.builtin.make_shape,1.63204E-06
int64[15],1,cpu0,0.583,vm.builtin.make_shape,1.63204E-06
int64[15],1,cpu0,0.583,vm.builtin.make_shape,1.63204E-06
int64[15],1,cpu0,0.583,vm.builtin.make_shape,1.63204E-06
int64[15],1,cpu0,0.583,vm.builtin.make_shape,1.63204E-06
int64[15],1,cpu0,0.542,vm.builtin.make_shape,1.51726E-06
int64[15],1,cpu0,0.542,vm.builtin.make_shape,1.51726E-06
int64[15],1,cpu0,0.542,vm.builtin.make_shape,1.51726E-06
int64[15],1,cpu0,0.542,vm.builtin.make_shape,1.51726E-06
int64[15],1,cpu0,0.542,vm.builtin.make_shape,1.51726E-06
int64[15],1,cpu0,0.542,vm.builtin.make_shape,1.51726E-06
int64[15],1,cpu0,0.542,vm.builtin.make_shape,1.51726E-06
int64[15],1,cpu0,0.542,vm.builtin.make_shape,1.51726E-06
int64[15],1,cpu0,0.542,vm.builtin.make_shape,1.51726E-06
int64[15],1,cpu0,0.542,vm.builtin.make_shape,1.51726E-06
int64[15],1,cpu0,0.542,vm.builtin.make_shape,1.51726E-06
int64[15],1,cpu0,0.542,vm.builtin.make_shape,1.51726E-06
int64[15],1,cpu0,0.541,vm.builtin.make_shape,1.51446E-06
int64[15],1,cpu0,0.541,vm.builtin.make_shape,1.51446E-06
int64[15],1,cpu0,0.541,vm.builtin.make_shape,1.51446E-06
int64[15],1,cpu0,0.541,vm.builtin.make_shape,1.51446E-06
int64[15],1,cpu0,0.541,vm.builtin.make_shape,1.51446E-06
int64[15],1,cpu0,0.5,vm.builtin.make_shape,1.39969E-06
int64[15],1,cpu0,0.5,vm.builtin.make_shape,1.39969E-06
int64[15],1,cpu0,0.5,vm.builtin.make_shape,1.39969E-06
int64[15],1,cpu0,0.5,vm.builtin.make_shape,1.39969E-06
int64[15],1,cpu0,0.5,vm.builtin.make_shape,1.39969E-06
int64[15],1,cpu0,0.5,vm.builtin.make_shape,1.39969E-06
int64[15],1,cpu0,0.5,vm.builtin.make_shape,1.39969E-06
int64[15],1,cpu0,0.5,vm.builtin.make_shape,1.39969E-06
int64[15],1,cpu0,0.5,vm.builtin.make_shape,1.39969E-06
int64[15],1,cpu0,0.5,vm.builtin.make_shape,1.39969E-06
int64[15],1,cpu0,0.5,vm.builtin.make_shape,1.39969E-06
int64[15],1,cpu0,0.5,vm.builtin.make_shape,1.39969E-06
int64[15],1,cpu0,0.5,vm.builtin.make_shape,1.39969E-06
int64[15],1,cpu0,0.5,vm.builtin.make_shape,1.39969E-06
int64[15],1,cpu0,0.5,vm.builtin.make_shape,1.39969E-06
int64[15],1,cpu0,0.5,vm.builtin.make_shape,1.39969E-06
int64[15],1,cpu0,0.5,vm.builtin.make_shape,1.39969E-06
int64[15],1,cpu0,0.5,vm.builtin.make_shape,1.39969E-06
int64[15],1,cpu0,0.5,vm.builtin.make_shape,1.39969E-06
int64[15],1,cpu0,0.459,vm.builtin.make_shape,1.28492E-06
int64[15],1,cpu0,0.459,vm.builtin.make_shape,1.28492E-06
int64[15],1,cpu0,0.459,vm.builtin.make_shape,1.28492E-06
int64[15],1,cpu0,0.459,vm.builtin.make_shape,1.28492E-06
int64[15],1,cpu0,0.459,vm.builtin.make_shape,1.28492E-06
int64[15],1,cpu0,0.459,vm.builtin.make_shape,1.28492E-06
int64[15],1,cpu0,0.459,vm.builtin.make_shape,1.28492E-06
int64[15],1,cpu0,0.459,vm.builtin.make_shape,1.28492E-06
int64[15],1,cpu0,0.459,vm.builtin.make_shape,1.28492E-06
int64[15],1,cpu0,0.459,vm.builtin.make_shape,1.28492E-06
int64[15],1,cpu0,0.458,vm.builtin.make_shape,1.28212E-06
int64[15],1,cpu0,0.458,vm.builtin.make_shape,1.28212E-06
int64[15],1,cpu0,0.458,vm.builtin.make_shape,1.28212E-06
int64[15],1,cpu0,0.458,vm.builtin.make_shape,1.28212E-06
int64[15],1,cpu0,0.458,vm.builtin.make_shape,1.28212E-06
int64[15],1,cpu0,0.458,vm.builtin.make_shape,1.28212E-06
int64[15],1,cpu0,0.458,vm.builtin.make_shape,1.28212E-06
int64[15],1,cpu0,0.458,vm.builtin.make_shape,1.28212E-06
int64[15],1,cpu0,0.458,vm.builtin.make_shape,1.28212E-06
int64[15],1,cpu0,0.458,vm.builtin.make_shape,1.28212E-06
int64[15],1,cpu0,0.458,vm.builtin.make_shape,1.28212E-06
int64[15],1,cpu0,0.458,vm.builtin.make_shape,1.28212E-06
int64[15],1,cpu0,0.458,vm.builtin.make_shape,1.28212E-06
int64[15],1,cpu0,0.458,vm.builtin.make_shape,1.28212E-06
int64[15],1,cpu0,0.458,vm.builtin.make_shape,1.28212E-06
int64[15],1,cpu0,0.458,vm.builtin.make_shape,1.28212E-06
int64[15],1,cpu0,0.458,vm.builtin.make_shape,1.28212E-06
int64[15],1,cpu0,0.458,vm.builtin.make_shape,1.28212E-06
int64[15],1,cpu0,0.417,vm.builtin.make_shape,1.16734E-06
int64[15],1,cpu0,0.417,vm.builtin.make_shape,1.16734E-06
int64[15],1,cpu0,0.417,vm.builtin.make_shape,1.16734E-06
int64[15],1,cpu0,0.417,vm.builtin.make_shape,1.16734E-06
int64[15],1,cpu0,0.417,vm.builtin.make_shape,1.16734E-06
int64[15],1,cpu0,0.417,vm.builtin.make_shape,1.16734E-06
int64[15],1,cpu0,0.417,vm.builtin.make_shape,1.16734E-06
int64[15],1,cpu0,0.417,vm.builtin.make_shape,1.16734E-06
int64[15],1,cpu0,0.417,vm.builtin.make_shape,1.16734E-06
int64[15],1,cpu0,0.417,vm.builtin.make_shape,1.16734E-06
int64[15],1,cpu0,0.417,vm.builtin.make_shape,1.16734E-06
int64[15],1,cpu0,0.417,vm.builtin.make_shape,1.16734E-06
int64[15],1,cpu0,0.417,vm.builtin.make_shape,1.16734E-06
int64[15],1,cpu0,0.417,vm.builtin.make_shape,1.16734E-06
int64[15],1,cpu0,0.417,vm.builtin.make_shape,1.16734E-06
int64[15],1,cpu0,0.417,vm.builtin.make_shape,1.16734E-06
int64[15],1,cpu0,0.417,vm.builtin.make_shape,1.16734E-06
int64[15],1,cpu0,0.417,vm.builtin.make_shape,1.16734E-06
int64[15],1,cpu0,0.417,vm.builtin.make_shape,1.16734E-06
int64[15],1,cpu0,0.416,vm.builtin.make_shape,1.16454E-06
int64[15],1,cpu0,0.416,vm.builtin.make_shape,1.16454E-06
int64[15],1,cpu0,0.416,vm.builtin.make_shape,1.16454E-06
int64[15],1,cpu0,0.416,vm.builtin.make_shape,1.16454E-06
int64[15],1,cpu0,0.416,vm.builtin.make_shape,1.16454E-06
int64[15],1,cpu0,0.416,vm.builtin.make_shape,1.16454E-06
int64[15],1,cpu0,0.416,vm.builtin.make_shape,1.16454E-06
int64[15],1,cpu0,0.416,vm.builtin.make_shape,1.16454E-06
int64[15],1,cpu0,0.416,vm.builtin.make_shape,1.16454E-06
int64[15],1,cpu0,0.416,vm.builtin.make_shape,1.16454E-06
int64[15],1,cpu0,0.416,vm.builtin.make_shape,1.16454E-06
int64[15],1,cpu0,0.416,vm.builtin.make_shape,1.16454E-06
int64[15],1,cpu0,0.375,vm.builtin.make_shape,1.04977E-06
int64[15],1,cpu0,0.375,vm.builtin.make_shape,1.04977E-06
int64[15],1,cpu0,0.375,vm.builtin.make_shape,1.04977E-06
int64[15],1,cpu0,0.375,vm.builtin.make_shape,1.04977E-06
int64[15],1,cpu0,0.375,vm.builtin.make_shape,1.04977E-06
int64[15],1,cpu0,0.375,vm.builtin.make_shape,1.04977E-06
int64[15],1,cpu0,0.375,vm.builtin.make_shape,1.04977E-06
int64[15],1,cpu0,0.375,vm.builtin.make_shape,1.04977E-06
int64[15],1,cpu0,0.375,vm.builtin.make_shape,1.04977E-06
int64[15],1,cpu0,0.375,vm.builtin.make_shape,1.04977E-06
int64[15],1,cpu0,0.375,vm.builtin.make_shape,1.04977E-06
int64[15],1,cpu0,0.375,vm.builtin.make_shape,1.04977E-06
int64[15],1,cpu0,0.375,vm.builtin.make_shape,1.04977E-06
int64[15],1,cpu0,0.375,vm.builtin.make_shape,1.04977E-06
int64[15],1,cpu0,0.375,vm.builtin.make_shape,1.04977E-06
int64[15],1,cpu0,0.375,vm.builtin.make_shape,1.04977E-06
int64[15],1,cpu0,0.375,vm.builtin.make_shape,1.04977E-06
int64[15],1,cpu0,0.375,vm.builtin.make_shape,1.04977E-06
int64[15],1,cpu0,0.375,vm.builtin.make_shape,1.04977E-06
int64[15],1,cpu0,0.375,vm.builtin.make_shape,1.04977E-06
int64[15],1,cpu0,0.375,vm.builtin.make_shape,1.04977E-06
int64[15],1,cpu0,0.375,vm.builtin.make_shape,1.04977E-06
int64[15],1,cpu0,0.375,vm.builtin.make_shape,1.04977E-06
int64[15],1,cpu0,0.375,vm.builtin.make_shape,1.04977E-06
int64[15],1,cpu0,0.375,vm.builtin.make_shape,1.04977E-06
int64[15],1,cpu0,0.375,vm.builtin.make_shape,1.04977E-06
int64[15],1,cpu0,0.375,vm.builtin.make_shape,1.04977E-06
int64[15],1,cpu0,0.334,vm.builtin.make_shape,9.34993E-07
int64[15],1,cpu0,0.334,vm.builtin.make_shape,9.34993E-07
int64[15],1,cpu0,0.334,vm.builtin.make_shape,9.34993E-07
int64[15],1,cpu0,0.334,vm.builtin.make_shape,9.34993E-07
int64[15],1,cpu0,0.334,vm.builtin.make_shape,9.34993E-07
int64[15],1,cpu0,0.334,vm.builtin.make_shape,9.34993E-07
int64[15],1,cpu0,0.334,vm.builtin.make_shape,9.34993E-07
int64[15],1,cpu0,0.334,vm.builtin.make_shape,9.34993E-07
int64[15],1,cpu0,0.334,vm.builtin.make_shape,9.34993E-07
int64[15],1,cpu0,0.334,vm.builtin.make_shape,9.34993E-07
int64[15],1,cpu0,0.334,vm.builtin.make_shape,9.34993E-07
int64[15],1,cpu0,0.334,vm.builtin.make_shape,9.34993E-07
int64[15],1,cpu0,0.334,vm.builtin.make_shape,9.34993E-07
int64[15],1,cpu0,0.334,vm.builtin.make_shape,9.34993E-07
int64[15],1,cpu0,0.334,vm.builtin.make_shape,9.34993E-07
int64[15],1,cpu0,0.334,vm.builtin.make_shape,9.34993E-07
int64[15],1,cpu0,0.334,vm.builtin.make_shape,9.34993E-07
int64[15],1,cpu0,0.334,vm.builtin.make_shape,9.34993E-07
int64[15],1,cpu0,0.333,vm.builtin.make_shape,9.32194E-07
int64[15],1,cpu0,0.333,vm.builtin.make_shape,9.32194E-07
int64[15],1,cpu0,0.333,vm.builtin.make_shape,9.32194E-07
int64[15],1,cpu0,0.333,vm.builtin.make_shape,9.32194E-07
int64[15],1,cpu0,0.333,vm.builtin.make_shape,9.32194E-07
int64[15],1,cpu0,0.333,vm.builtin.make_shape,9.32194E-07
int64[15],1,cpu0,0.333,vm.builtin.make_shape,9.32194E-07
int64[15],1,cpu0,0.333,vm.builtin.make_shape,9.32194E-07
int64[15],1,cpu0,0.333,vm.builtin.make_shape,9.32194E-07
int64[15],1,cpu0,0.333,vm.builtin.make_shape,9.32194E-07
int64[15],1,cpu0,0.333,vm.builtin.make_shape,9.32194E-07
int64[15],1,cpu0,0.333,vm.builtin.make_shape,9.32194E-07
int64[15],1,cpu0,0.333,vm.builtin.make_shape,9.32194E-07
int64[15],1,cpu0,0.333,vm.builtin.make_shape,9.32194E-07
int64[15],1,cpu0,0.333,vm.builtin.make_shape,9.32194E-07
int64[15],1,cpu0,0.333,vm.builtin.make_shape,9.32194E-07
int64[15],1,cpu0,0.333,vm.builtin.make_shape,9.32194E-07
int64[15],1,cpu0,0.333,vm.builtin.make_shape,9.32194E-07
int64[15],1,cpu0,0.333,vm.builtin.make_shape,9.32194E-07
int64[15],1,cpu0,0.333,vm.builtin.make_shape,9.32194E-07
int64[15],1,cpu0,0.333,vm.builtin.make_shape,9.32194E-07
int64[15],1,cpu0,0.333,vm.builtin.make_shape,9.32194E-07
int64[15],1,cpu0,0.333,vm.builtin.make_shape,9.32194E-07
int64[15],1,cpu0,0.333,vm.builtin.make_shape,9.32194E-07
int64[15],1,cpu0,0.333,vm.builtin.make_shape,9.32194E-07
int64[15],1,cpu0,0.333,vm.builtin.make_shape,9.32194E-07
int64[15],1,cpu0,0.333,vm.builtin.make_shape,9.32194E-07
int64[15],1,cpu0,0.333,vm.builtin.make_shape,9.32194E-07
int64[15],1,cpu0,0.333,vm.builtin.make_shape,9.32194E-07
int64[15],1,cpu0,0.333,vm.builtin.make_shape,9.32194E-07
int64[15],1,cpu0,0.333,vm.builtin.make_shape,9.32194E-07
int64[15],1,cpu0,0.333,vm.builtin.make_shape,9.32194E-07
int64[15],1,cpu0,0.333,vm.builtin.make_shape,9.32194E-07
int64[15],1,cpu0,0.333,vm.builtin.make_shape,9.32194E-07
int64[15],1,cpu0,0.333,vm.builtin.make_shape,9.32194E-07
int64[15],1,cpu0,0.333,vm.builtin.make_shape,9.32194E-07
int64[15],1,cpu0,0.333,vm.builtin.make_shape,9.32194E-07
int64[15],1,cpu0,0.333,vm.builtin.make_shape,9.32194E-07
int64[15],1,cpu0,0.292,vm.builtin.make_shape,8.17419E-07
int64[15],1,cpu0,0.292,vm.builtin.make_shape,8.17419E-07
int64[15],1,cpu0,0.292,vm.builtin.make_shape,8.17419E-07
int64[15],1,cpu0,0.292,vm.builtin.make_shape,8.17419E-07
int64[15],1,cpu0,0.292,vm.builtin.make_shape,8.17419E-07
int64[15],1,cpu0,0.292,vm.builtin.make_shape,8.17419E-07
int64[15],1,cpu0,0.292,vm.builtin.make_shape,8.17419E-07
int64[15],1,cpu0,0.292,vm.builtin.make_shape,8.17419E-07
int64[15],1,cpu0,0.292,vm.builtin.make_shape,8.17419E-07
int64[15],1,cpu0,0.292,vm.builtin.make_shape,8.17419E-07
int64[15],1,cpu0,0.292,vm.builtin.make_shape,8.17419E-07
int64[15],1,cpu0,0.292,vm.builtin.make_shape,8.17419E-07
int64[15],1,cpu0,0.292,vm.builtin.make_shape,8.17419E-07
int64[15],1,cpu0,0.292,vm.builtin.make_shape,8.17419E-07
int64[15],1,cpu0,0.292,vm.builtin.make_shape,8.17419E-07
int64[15],1,cpu0,0.292,vm.builtin.make_shape,8.17419E-07
int64[15],1,cpu0,0.292,vm.builtin.make_shape,8.17419E-07
int64[15],1,cpu0,0.292,vm.builtin.make_shape,8.17419E-07
int64[15],1,cpu0,0.292,vm.builtin.make_shape,8.17419E-07
int64[15],1,cpu0,0.292,vm.builtin.make_shape,8.17419E-07
int64[15],1,cpu0,0.292,vm.builtin.make_shape,8.17419E-07
int64[15],1,cpu0,0.292,vm.builtin.make_shape,8.17419E-07
int64[15],1,cpu0,0.292,vm.builtin.make_shape,8.17419E-07
int64[15],1,cpu0,0.292,vm.builtin.make_shape,8.17419E-07
int64[15],1,cpu0,0.292,vm.builtin.make_shape,8.17419E-07
int64[15],1,cpu0,0.292,vm.builtin.make_shape,8.17419E-07
int64[15],1,cpu0,0.292,vm.builtin.make_shape,8.17419E-07
int64[15],1,cpu0,0.292,vm.builtin.make_shape,8.17419E-07
int64[15],1,cpu0,0.292,vm.builtin.make_shape,8.17419E-07
int64[15],1,cpu0,0.292,vm.builtin.make_shape,8.17419E-07
int64[15],1,cpu0,0.292,vm.builtin.make_shape,8.17419E-07
int64[15],1,cpu0,0.292,vm.builtin.make_shape,8.17419E-07
int64[15],1,cpu0,0.292,vm.builtin.make_shape,8.17419E-07
int64[15],1,cpu0,0.292,vm.builtin.make_shape,8.17419E-07
int64[15],1,cpu0,0.292,vm.builtin.make_shape,8.17419E-07
int64[15],1,cpu0,0.292,vm.builtin.make_shape,8.17419E-07
int64[15],1,cpu0,0.292,vm.builtin.make_shape,8.17419E-07
int64[15],1,cpu0,0.292,vm.builtin.make_shape,8.17419E-07
int64[15],1,cpu0,0.292,vm.builtin.make_shape,8.17419E-07
int64[15],1,cpu0,0.292,vm.builtin.make_shape,8.17419E-07
int64[15],1,cpu0,0.292,vm.builtin.make_shape,8.17419E-07
int64[15],1,cpu0,0.292,vm.builtin.make_shape,8.17419E-07
int64[15],1,cpu0,0.292,vm.builtin.make_shape,8.17419E-07
int64[15],1,cpu0,0.292,vm.builtin.make_shape,8.17419E-07
int64[15],1,cpu0,0.292,vm.builtin.make_shape,8.17419E-07
int64[15],1,cpu0,0.292,vm.builtin.make_shape,8.17419E-07
int64[15],1,cpu0,0.292,vm.builtin.make_shape,8.17419E-07
int64[15],1,cpu0,0.292,vm.builtin.make_shape,8.17419E-07
int64[15],1,cpu0,0.292,vm.builtin.make_shape,8.17419E-07
int64[15],1,cpu0,0.291,vm.builtin.make_shape,8.1462E-07
int64[15],1,cpu0,0.291,vm.builtin.make_shape,8.1462E-07
int64[15],1,cpu0,0.291,vm.builtin.make_shape,8.1462E-07
int64[15],1,cpu0,0.291,vm.builtin.make_shape,8.1462E-07
int64[15],1,cpu0,0.291,vm.builtin.make_shape,8.1462E-07
int64[15],1,cpu0,0.291,vm.builtin.make_shape,8.1462E-07
int64[15],1,cpu0,0.291,vm.builtin.make_shape,8.1462E-07
int64[15],1,cpu0,0.291,vm.builtin.make_shape,8.1462E-07
int64[15],1,cpu0,0.291,vm.builtin.make_shape,8.1462E-07
int64[15],1,cpu0,0.291,vm.builtin.make_shape,8.1462E-07
int64[15],1,cpu0,0.291,vm.builtin.make_shape,8.1462E-07
int64[15],1,cpu0,0.291,vm.builtin.make_shape,8.1462E-07
int64[15],1,cpu0,0.291,vm.builtin.make_shape,8.1462E-07
int64[15],1,cpu0,0.291,vm.builtin.make_shape,8.1462E-07
int64[15],1,cpu0,0.291,vm.builtin.make_shape,8.1462E-07
int64[15],1,cpu0,0.25,vm.builtin.make_shape,6.99845E-07
int64[15],1,cpu0,0.25,vm.builtin.make_shape,6.99845E-07
int64[15],1,cpu0,0.25,vm.builtin.make_shape,6.99845E-07
int64[15],1,cpu0,0.25,vm.builtin.make_shape,6.99845E-07
int64[15],1,cpu0,0.25,vm.builtin.make_shape,6.99845E-07
int64[15],1,cpu0,0.25,vm.builtin.make_shape,6.99845E-07
int64[15],1,cpu0,0.25,vm.builtin.make_shape,6.99845E-07
int64[15],1,cpu0,0.25,vm.builtin.make_shape,6.99845E-07
int64[15],1,cpu0,0.25,vm.builtin.make_shape,6.99845E-07
int64[15],1,cpu0,0.25,vm.builtin.make_shape,6.99845E-07
int64[15],1,cpu0,0.25,vm.builtin.make_shape,6.99845E-07
int64[15],1,cpu0,0.25,vm.builtin.make_shape,6.99845E-07
int64[15],1,cpu0,0.25,vm.builtin.make_shape,6.99845E-07
int64[15],1,cpu0,0.25,vm.builtin.make_shape,6.99845E-07
int64[15],1,cpu0,0.25,vm.builtin.make_shape,6.99845E-07
int64[15],1,cpu0,0.25,vm.builtin.make_shape,6.99845E-07
int64[15],1,cpu0,0.25,vm.builtin.make_shape,6.99845E-07
int64[15],1,cpu0,0.25,vm.builtin.make_shape,6.99845E-07
int64[15],1,cpu0,0.25,vm.builtin.make_shape,6.99845E-07
int64[15],1,cpu0,0.25,vm.builtin.make_shape,6.99845E-07
int64[15],1,cpu0,0.25,vm.builtin.make_shape,6.99845E-07
int64[15],1,cpu0,0.25,vm.builtin.make_shape,6.99845E-07
int64[15],1,cpu0,0.25,vm.builtin.make_shape,6.99845E-07
int64[15],1,cpu0,0.25,vm.builtin.make_shape,6.99845E-07
int64[15],1,cpu0,0.25,vm.builtin.make_shape,6.99845E-07
int64[15],1,cpu0,0.25,vm.builtin.make_shape,6.99845E-07
int64[15],1,cpu0,0.25,vm.builtin.make_shape,6.99845E-07
int64[15],1,cpu0,0.25,vm.builtin.make_shape,6.99845E-07
int64[15],1,cpu0,0.25,vm.builtin.make_shape,6.99845E-07
int64[15],1,cpu0,0.25,vm.builtin.make_shape,6.99845E-07
int64[15],1,cpu0,0.25,vm.builtin.make_shape,6.99845E-07
int64[15],1,cpu0,0.25,vm.builtin.make_shape,6.99845E-07
int64[15],1,cpu0,0.25,vm.builtin.make_shape,6.99845E-07
int64[15],1,cpu0,0.25,vm.builtin.make_shape,6.99845E-07
int64[15],1,cpu0,0.25,vm.builtin.make_shape,6.99845E-07
int64[15],1,cpu0,0.25,vm.builtin.make_shape,6.99845E-07
int64[15],1,cpu0,0.25,vm.builtin.make_shape,6.99845E-07
int64[15],1,cpu0,0.25,vm.builtin.make_shape,6.99845E-07
int64[15],1,cpu0,0.25,vm.builtin.make_shape,6.99845E-07
int64[15],1,cpu0,0.25,vm.builtin.make_shape,6.99845E-07
int64[15],1,cpu0,0.25,vm.builtin.make_shape,6.99845E-07
int64[15],1,cpu0,0.25,vm.builtin.make_shape,6.99845E-07
int64[15],1,cpu0,0.25,vm.builtin.make_shape,6.99845E-07
int64[15],1,cpu0,0.25,vm.builtin.make_shape,6.99845E-07
int64[15],1,cpu0,0.25,vm.builtin.make_shape,6.99845E-07
int64[15],1,cpu0,0.25,vm.builtin.make_shape,6.99845E-07
int64[15],1,cpu0,0.25,vm.builtin.make_shape,6.99845E-07
int64[15],1,cpu0,0.25,vm.builtin.make_shape,6.99845E-07
int64[15],1,cpu0,0.25,vm.builtin.make_shape,6.99845E-07
int64[15],1,cpu0,0.25,vm.builtin.make_shape,6.99845E-07
int64[15],1,cpu0,0.25,vm.builtin.make_shape,6.99845E-07
int64[15],1,cpu0,0.25,vm.builtin.make_shape,6.99845E-07
int64[15],1,cpu0,0.25,vm.builtin.make_shape,6.99845E-07
int64[15],1,cpu0,0.25,vm.builtin.make_shape,6.99845E-07
int64[15],1,cpu0,0.25,vm.builtin.make_shape,6.99845E-07
int64[15],1,cpu0,0.25,vm.builtin.make_shape,6.99845E-07
int64[15],1,cpu0,0.25,vm.builtin.make_shape,6.99845E-07
int64[15],1,cpu0,0.25,vm.builtin.make_shape,6.99845E-07
int64[15],1,cpu0,0.25,vm.builtin.make_shape,6.99845E-07
int64[15],1,cpu0,0.209,vm.builtin.make_shape,5.85071E-07
int64[15],1,cpu0,0.209,vm.builtin.make_shape,5.85071E-07
int64[15],1,cpu0,0.209,vm.builtin.make_shape,5.85071E-07
int64[15],1,cpu0,0.209,vm.builtin.make_shape,5.85071E-07
int64[15],1,cpu0,0.208,vm.builtin.make_shape,5.82271E-07
int64[15],1,cpu0,0.208,vm.builtin.make_shape,5.82271E-07
int64[15],1,cpu0,0.208,vm.builtin.make_shape,5.82271E-07
int64[15],1,cpu0,0.208,vm.builtin.make_shape,5.82271E-07
int64[15],1,cpu0,0.208,vm.builtin.make_shape,5.82271E-07
int64[15],1,cpu0,0.208,vm.builtin.make_shape,5.82271E-07
int64[15],1,cpu0,0.208,vm.builtin.make_shape,5.82271E-07
int64[15],1,cpu0,0.208,vm.builtin.make_shape,5.82271E-07
int64[15],1,cpu0,0.208,vm.builtin.make_shape,5.82271E-07