Argument Shapes,Count,Device,Duration (us),Name,Percent
"float32[1, 1, 512]",1,"metal0",1006,"vm.builtin.check_tensor_info",0.914505
"float32[1, 1, 512], int64[8]",1,"cpu0",1.417,"vm.builtin.match_shape",0.00128813
"int64[8]",1,"cpu0",0.5,"shape_func1",0.000454525
"float32[1, 1, 512]",1,"metal0",80.459,"vm.builtin.cached_padding_1d_update",0.0731413
"float32[1, 1, 512]",1,"metal0",216.459,"vm.builtin.cached_padding_1d_update",0.196772
"float32[64, 1, 7], float32[64, 1, 1]",1,"metal0",243.167,"fused_tir_square14_sum14",0.221051
"float32[64, 1, 1], float32[64, 1, 7], float32[64, 1, 1], float32[64, 1, 7]",1,"metal0",200.458,"fused_tir_sqrt6_divide14_multiply14",0.182227
"float32[64]",1,"metal0",68.125,"vm.builtin.reshape",0.0619291
"int64[8]",1,"cpu0",0.583,"vm.builtin.make_shape",0.000529977
"int64[8]",1,"cpu0",0.375,"vm.builtin.make_shape",0.000340894
"float32[1, 1, 518], float32[64, 1, 7], float32[1, 64, 1], float32[1, 64, 512]",1,"metal0",204.5,"fused_conv1d18_add18",0.185901
"float32[1, 64, 512]",1,"metal0",53.834,"vm.builtin.cached_padding_1d_update",0.0489378
"int64[8]",1,"cpu0",0.875,"vm.builtin.make_shape",0.00079542
"float32[1, 64, 512]",1,"metal0",30.417,"vm.builtin.reshape",0.0276506
"int64[8]",1,"cpu0",0.375,"vm.builtin.make_shape",0.000340894
"int64[8]",1,"cpu0",0.291,"vm.builtin.make_shape",0.000264534
"float32[1, 64, 512], float32[1, 64, 1], float32[1, 64, 512]",1,"metal0",217.583,"snake",0.197794
"int64[8]",1,"cpu0",0.458,"vm.builtin.make_shape",0.000416345
"float32[1, 64, 512]",1,"metal0",89.041,"vm.builtin.reshape",0.0809428
"float32[1, 64, 512]",1,"metal0",71,"vm.builtin.cached_padding_1d_update",0.0645426
"float32[1, 64, 512]",1,"metal0",363,"vm.builtin.cached_padding_1d_update",0.329986
"float32[64, 64, 7], float32[64, 1, 1]",1,"metal0",202.458,"fused_tir_square15_sum15",0.184045
"float32[64, 1, 1], float32[64, 64, 7], float32[64, 1, 1], float32[64, 64, 7]",1,"metal0",212.209,"fused_tir_sqrt6_divide15_multiply15",0.192909
"float32[64]",1,"metal0",41.834,"vm.builtin.reshape",0.0380292
"int64[8]",1,"cpu0",0.625,"vm.builtin.make_shape",0.000568157
"float32[1, 64, 518], float32[64, 64, 7], float32[1, 64, 1], float32[1, 64, 512]",1,"metal0",459.708,"fused_conv1d19_add18",0.417898
"int64[8]",1,"cpu0",0.583,"vm.builtin.make_shape",0.000529977
"float32[1, 64, 512]",1,"metal0",80.834,"vm.builtin.reshape",0.0734822
"int64[8]",1,"cpu0",0.459,"vm.builtin.make_shape",0.000417254
"int64[8]",1,"cpu0",0.5,"vm.builtin.make_shape",0.000454525
"float32[1, 64, 512], float32[1, 64, 1], float32[1, 64, 512]",1,"metal0",220.416,"snake",0.200369
"int64[8]",1,"cpu0",0.417,"vm.builtin.make_shape",0.000379074
"float32[1, 64, 512]",1,"metal0",44.125,"vm.builtin.reshape",0.0401119
"float32[1, 64, 512]",1,"metal0",92.125,"vm.builtin.cached_padding_1d_update",0.0837463
"float32[1, 64, 512]",1,"metal0",67.667,"vm.builtin.cached_padding_1d_update",0.0615128
"float32[64, 64, 1], float32[64, 1, 1]",1,"metal0",210.25,"fused_tir_square16_sum16",0.191128
"float32[64, 1, 1], float32[64, 64, 1], float32[64, 1, 1], float32[64, 64, 1]",1,"metal0",209.958,"fused_tir_sqrt6_divide16_multiply16",0.190863
"float32[64]",1,"metal0",60.042,"vm.builtin.reshape",0.0545812
"float32[1, 64, 512]",1,"metal0",371.459,"vm.builtin.cached_padding_1d_update",0.337675
"int64[8]",1,"cpu0",0.5,"vm.builtin.make_shape",0.000454525
"float32[1, 64, 512], float32[64, 64, 1], float32[1, 64, 1], float32[1, 64, 512], float32[1, 64, 512]",1,"metal0",218.584,"fused_conv1d20_add18_add19_add20",0.198704
"float32[1, 64, 512]",1,"metal0",109.292,"vm.builtin.cached_padding_1d_update",0.099352
"int64[8]",1,"cpu0",0.458,"vm.builtin.make_shape",0.000416345
"float32[1, 64, 512]",1,"metal0",79,"vm.builtin.reshape",0.071815
"int64[8]",1,"cpu0",0.583,"vm.builtin.make_shape",0.000529977
"float32[1, 64, 512], float32[1, 64, 1], float32[1, 64, 512]",1,"metal0",186.584,"snake",0.169614
"int64[8]",1,"cpu0",0.417,"vm.builtin.make_shape",0.000379074
"float32[1, 64, 512]",1,"metal0",50,"vm.builtin.reshape",0.0454525
"float32[1, 64, 512]",1,"metal0",54.625,"vm.builtin.cached_padding_1d_update",0.0496569
"float32[1, 64, 512]",1,"metal0",219.75,"vm.builtin.cached_padding_1d_update",0.199764
"float32[64, 64, 7], float32[64, 1, 1]",1,"metal0",196.167,"fused_tir_square15_sum15",0.178326
"float32[64, 1, 1], float32[64, 64, 7], float32[64, 1, 1], float32[64, 64, 7]",1,"metal0",214.875,"fused_tir_sqrt6_divide15_multiply15",0.195332
"float32[64]",1,"metal0",47.667,"vm.builtin.reshape",0.0433317
"int64[8]",1,"cpu0",0.458,"vm.builtin.make_shape",0.000416345
"float32[1, 64, 530], float32[64, 64, 7], float32[1, 64, 1], float32[1, 64, 512]",1,"metal0",456.208,"fused_conv1d21_add18",0.414716
"int64[8]",1,"cpu0",0.5,"vm.builtin.make_shape",0.000454525
"float32[1, 64, 512]",1,"metal0",93.667,"vm.builtin.reshape",0.0851481
"int64[8]",1,"cpu0",0.583,"vm.builtin.make_shape",0.000529977
"float32[1, 64, 512], float32[1, 64, 1], float32[1, 64, 512]",1,"metal0",214,"snake",0.194537
"int64[8]",1,"cpu0",0.709,"vm.builtin.make_shape",0.000644517
"float32[1, 64, 512]",1,"metal0",88.708,"vm.builtin.reshape",0.0806401
"float32[1, 64, 512]",1,"metal0",41.667,"vm.builtin.cached_padding_1d_update",0.0378774
"float32[1, 64, 512]",1,"metal0",50.541,"vm.builtin.cached_padding_1d_update",0.0459443
"float32[64, 64, 1], float32[64, 1, 1]",1,"metal0",199.625,"fused_tir_square16_sum16",0.181469
"float32[64, 1, 1], float32[64, 64, 1], float32[64, 1, 1], float32[64, 64, 1]",1,"metal0",216.958,"fused_tir_sqrt6_divide16_multiply16",0.197226
"float32[64]",1,"metal0",64.416,"vm.builtin.reshape",0.0585574
"float32[1, 64, 512]",1,"metal0",324.708,"vm.builtin.cached_padding_1d_update",0.295176
"int64[8]",1,"cpu0",0.625,"vm.builtin.make_shape",0.000568157
"float32[1, 64, 512], float32[64, 64, 1], float32[1, 64, 1], float32[1, 64, 512], float32[1, 64, 512]",1,"metal0",230.833,"fused_conv1d20_add18_add19_add20",0.209839
"float32[1, 64, 512]",1,"metal0",90.834,"vm.builtin.cached_padding_1d_update",0.0825727
"int64[8]",1,"cpu0",0.5,"vm.builtin.make_shape",0.000454525
"float32[1, 64, 512]",1,"metal0",64.958,"vm.builtin.reshape",0.0590501
"int64[8]",1,"cpu0",0.459,"vm.builtin.make_shape",0.000417254
"float32[1, 64, 512], float32[1, 64, 1], float32[1, 64, 512]",1,"metal0",219.833,"snake",0.199839
"int64[8]",1,"cpu0",0.416,"vm.builtin.make_shape",0.000378165
"float32[1, 64, 512]",1,"metal0",41.417,"vm.builtin.reshape",0.0376502
"float32[1, 64, 512]",1,"metal0",68.625,"vm.builtin.cached_padding_1d_update",0.0623836
"float32[1, 64, 512]",1,"metal0",246.708,"vm.builtin.cached_padding_1d_update",0.22427
"float32[64, 64, 7], float32[64, 1, 1]",1,"metal0",213.583,"fused_tir_square15_sum15",0.194158
"float32[64, 1, 1], float32[64, 64, 7], float32[64, 1, 1], float32[64, 64, 7]",1,"metal0",186.292,"fused_tir_sqrt6_divide15_multiply15",0.169349
"float32[64]",1,"metal0",35.667,"vm.builtin.reshape",0.0324231
"int64[8]",1,"cpu0",0.584,"vm.builtin.make_shape",0.000530886
"float32[1, 64, 566], float32[64, 64, 7], float32[1, 64, 1], float32[1, 64, 512]",1,"metal0",459.708,"fused_conv1d22_add18",0.417898
"int64[8]",1,"cpu0",0.417,"vm.builtin.make_shape",0.000379074
"float32[1, 64, 512]",1,"metal0",52.5,"vm.builtin.reshape",0.0477252
"int64[8]",1,"cpu0",0.375,"vm.builtin.make_shape",0.000340894
"float32[1, 64, 512], float32[1, 64, 1], float32[1, 64, 512]",1,"metal0",381.375,"snake",0.346689
"int64[8]",1,"cpu0",0.416,"vm.builtin.make_shape",0.000378165
"float32[1, 64, 512]",1,"metal0",83.333,"vm.builtin.reshape",0.0757539
"float32[1, 64, 512]",1,"metal0",80.625,"vm.builtin.cached_padding_1d_update",0.0732922
"float32[1, 64, 512]",1,"metal0",84.25,"vm.builtin.cached_padding_1d_update",0.0765875
"float32[64, 64, 1], float32[64, 1, 1]",1,"metal0",208,"fused_tir_square16_sum16",0.189083
"float32[64, 1, 1], float32[64, 64, 1], float32[64, 1, 1], float32[64, 64, 1]",1,"metal0",217.083,"fused_tir_sqrt6_divide16_multiply16",0.19734
"float32[64]",1,"metal0",72.917,"vm.builtin.reshape",0.0662853
"float32[1, 64, 512]",1,"metal0",348.458,"vm.builtin.cached_padding_1d_update",0.316766
"int64[8]",1,"cpu0",0.417,"vm.builtin.make_shape",0.000379074
"float32[1, 64, 512], float32[64, 64, 1], float32[1, 64, 1], float32[1, 64, 512], float32[1, 64, 512]",1,"metal0",221.042,"fused_conv1d20_add18_add19_add20",0.200938
"int64[8]",1,"cpu0",0.542,"vm.builtin.make_shape",0.000492706
"float32[1, 64, 512]",1,"metal0",57.667,"vm.builtin.reshape",0.0524222
"int64[8]",1,"cpu0",0.458,"vm.builtin.make_shape",0.000416345
"float32[1, 64, 512], float32[1, 64, 1], float32[1, 64, 512]",1,"metal0",197.75,"snake",0.179765
"int64[8]",1,"cpu0",0.5,"vm.builtin.make_shape",0.000454525
"float32[1, 64, 512]",1,"metal0",42.917,"vm.builtin.reshape",0.0390137
"float32[1, 64, 512]",1,"metal0",413,"vm.builtin.cached_padding_1d_update",0.375438
"float32[1, 64, 512]",1,"metal0",217.291,"vm.builtin.cached_padding_1d_update",0.197529
"float32[128, 64, 4], float32[128, 1, 1]",1,"metal0",219.667,"fused_tir_square17_sum17",0.199688
"float32[128, 1, 1], float32[128, 64, 4], float32[128, 1, 1], float32[128, 64, 4]",1,"metal0",211.417,"fused_tir_sqrt7_divide17_multiply17",0.192189
"float32[128]",1,"metal0",59.5,"vm.builtin.reshape",0.0540885
"int64[8]",1,"cpu0",0.375,"vm.builtin.make_shape",0.000340894
"float32[1, 64, 514], float32[128, 64, 4], float32[1, 128, 1], float32[1, 128, 256]",1,"metal0",257.708,"fused_conv1d23_add21",0.23427
"float32[1, 128, 256]",1,"metal0",80.541,"vm.builtin.cached_padding_1d_update",0.0732159
"int64[8]",1,"cpu0",0.583,"vm.builtin.make_shape",0.000529977
"float32[1, 128, 256]",1,"metal0",111.625,"vm.builtin.reshape",0.101473
"int64[8]",1,"cpu0",0.416,"vm.builtin.make_shape",0.000378165
"float32[1, 128, 256], float32[1, 128, 1], float32[1, 128, 256]",1,"metal0",218.25,"snake1",0.1984
"int64[8]",1,"cpu0",0.417,"vm.builtin.make_shape",0.000379074
"float32[1, 128, 256]",1,"metal0",64.75,"vm.builtin.reshape",0.0588611
"float32[1, 128, 256]",1,"metal0",74.834,"vm.builtin.cached_padding_1d_update",0.0680279
"float32[1, 128, 256]",1,"metal0",270.125,"vm.builtin.cached_padding_1d_update",0.245557
"float32[128, 128, 7], float32[128, 1, 1]",1,"metal0",208.25,"fused_tir_square18_sum18",0.18931
"float32[128, 1, 1], float32[128, 128, 7], float32[128, 1, 1], float32[128, 128, 7]",1,"metal0",181.25,"fused_tir_sqrt7_divide18_multiply18",0.164765
"float32[128]",1,"metal0",46.75,"vm.builtin.reshape",0.0424981
"int64[8]",1,"cpu0",0.417,"vm.builtin.make_shape",0.000379074
"float32[1, 128, 262], float32[128, 128, 7], float32[1, 128, 1], float32[1, 128, 256]",1,"metal0",775.166,"fused_conv1d24_add21",0.704665
"int64[8]",1,"cpu0",0.417,"vm.builtin.make_shape",0.000379074
"float32[1, 128, 256]",1,"metal0",97.292,"vm.builtin.reshape",0.0884434
"int64[8]",1,"cpu0",0.375,"vm.builtin.make_shape",0.000340894
"float32[1, 128, 256], float32[1, 128, 1], float32[1, 128, 256]",1,"metal0",204.125,"snake1",0.18556
"int64[8]",1,"cpu0",0.333,"vm.builtin.make_shape",0.000302714
"float32[1, 128, 256]",1,"metal0",71.667,"vm.builtin.reshape",0.065149
"float32[1, 128, 256]",1,"metal0",79.084,"vm.builtin.cached_padding_1d_update",0.0718914
"float32[1, 128, 256]",1,"metal0",63.75,"vm.builtin.cached_padding_1d_update",0.057952
"float32[128, 128, 1], float32[128, 1, 1]",1,"metal0",235.458,"fused_tir_square19_sum19",0.214043
"float32[128, 1, 1], float32[128, 128, 1], float32[128, 1, 1], float32[128, 128, 1]",1,"metal0",222.75,"fused_tir_sqrt7_divide19_multiply19",0.202491
"float32[128]",1,"metal0",62.292,"vm.builtin.reshape",0.0566266
"float32[1, 128, 256]",1,"metal0",340.5,"vm.builtin.cached_padding_1d_update",0.309532
"int64[8]",1,"cpu0",0.5,"vm.builtin.make_shape",0.000454525
"float32[1, 128, 256], float32[128, 128, 1], float32[1, 128, 1], float32[1, 128, 256], float32[1, 128, 256]",1,"metal0",261.459,"fused_conv1d25_add21_add22_add23",0.23768
"float32[1, 128, 256]",1,"metal0",68.5,"vm.builtin.cached_padding_1d_update",0.06227
"int64[8]",1,"cpu0",0.417,"vm.builtin.make_shape",0.000379074
"float32[1, 128, 256]",1,"metal0",66.625,"vm.builtin.reshape",0.0605655
"int64[8]",1,"cpu0",0.5,"vm.builtin.make_shape",0.000454525
"float32[1, 128, 256], float32[1, 128, 1], float32[1, 128, 256]",1,"metal0",191.25,"snake1",0.173856
"int64[8]",1,"cpu0",0.458,"vm.builtin.make_shape",0.000416345
"float32[1, 128, 256]",1,"metal0",58.584,"vm.builtin.reshape",0.0532558
"float32[1, 128, 256]",1,"metal0",44.041,"vm.builtin.cached_padding_1d_update",0.0400355
"float32[1, 128, 256]",1,"metal0",286.709,"vm.builtin.cached_padding_1d_update",0.260633
"float32[128, 128, 7], float32[128, 1, 1]",1,"metal0",368.167,"fused_tir_square18_sum18",0.334683
"float32[128, 1, 1], float32[128, 128, 7], float32[128, 1, 1], float32[128, 128, 7]",1,"metal0",204.625,"fused_tir_sqrt7_divide18_multiply18",0.186015
"float32[128]",1,"metal0",57.417,"vm.builtin.reshape",0.052195
"int64[8]",1,"cpu0",0.5,"vm.builtin.make_shape",0.000454525
"float32[1, 128, 274], float32[128, 128, 7], float32[1, 128, 1], float32[1, 128, 256]",1,"metal0",737.834,"fused_conv1d26_add21",0.670729
"int64[8]",1,"cpu0",0.458,"vm.builtin.make_shape",0.000416345
"float32[1, 128, 256]",1,"metal0",68.208,"vm.builtin.reshape",0.0620045
"int64[8]",1,"cpu0",0.417,"vm.builtin.make_shape",0.000379074
"float32[1, 128, 256], float32[1, 128, 1], float32[1, 128, 256]",1,"metal0",223.458,"snake1",0.203135
"int64[8]",1,"cpu0",0.458,"vm.builtin.make_shape",0.000416345
"float32[1, 128, 256]",1,"metal0",67.75,"vm.builtin.reshape",0.0615882
"float32[1, 128, 256]",1,"metal0",51.375,"vm.builtin.cached_padding_1d_update",0.0467025
"float32[1, 128, 256]",1,"metal0",75.375,"vm.builtin.cached_padding_1d_update",0.0685197
"float32[128, 128, 1], float32[128, 1, 1]",1,"metal0",220.708,"fused_tir_square19_sum19",0.200635
"float32[128, 1, 1], float32[128, 128, 1], float32[128, 1, 1], float32[128, 128, 1]",1,"metal0",225.209,"fused_tir_sqrt7_divide19_multiply19",0.204726
"float32[128]",1,"metal0",93.459,"vm.builtin.reshape",0.084959
"float32[1, 128, 256]",1,"metal0",368.167,"vm.builtin.cached_padding_1d_update",0.334683
"int64[8]",1,"cpu0",0.5,"vm.builtin.make_shape",0.000454525
"float32[1, 128, 256], float32[128, 128, 1], float32[1, 128, 1], float32[1, 128, 256], float32[1, 128, 256]",1,"metal0",236.084,"fused_conv1d25_add21_add22_add23",0.214612
"float32[1, 128, 256]",1,"metal0",66.583,"vm.builtin.cached_padding_1d_update",0.0605273
"int64[8]",1,"cpu0",0.666,"vm.builtin.make_shape",0.000605428
"float32[1, 128, 256]",1,"metal0",65.333,"vm.builtin.reshape",0.059391
"int64[8]",1,"cpu0",0.542,"vm.builtin.make_shape",0.000492706
"float32[1, 128, 256], float32[1, 128, 1], float32[1, 128, 256]",1,"metal0",199.083,"snake1",0.180977
"int64[8]",1,"cpu0",0.334,"vm.builtin.make_shape",0.000303623
"float32[1, 128, 256]",1,"metal0",54.5,"vm.builtin.reshape",0.0495433
"float32[1, 128, 256]",1,"metal0",45.084,"vm.builtin.cached_padding_1d_update",0.0409837
"float32[1, 128, 256]",1,"metal0",243.208,"vm.builtin.cached_padding_1d_update",0.221088
"float32[128, 128, 7], float32[128, 1, 1]",1,"metal0",205.792,"fused_tir_square18_sum18",0.187075
"float32[128, 1, 1], float32[128, 128, 7], float32[128, 1, 1], float32[128, 128, 7]",1,"metal0",222.833,"fused_tir_sqrt7_divide18_multiply18",0.202567
"float32[128]",1,"metal0",75.667,"vm.builtin.reshape",0.0687852
"int64[8]",1,"cpu0",0.375,"vm.builtin.make_shape",0.000340894
"float32[1, 128, 310], float32[128, 128, 7], float32[1, 128, 1], float32[1, 128, 256]",1,"metal0",745.959,"fused_conv1d27_add21",0.678115
"int64[8]",1,"cpu0",0.334,"vm.builtin.make_shape",0.000303623
"float32[1, 128, 256]",1,"metal0",48.541,"vm.builtin.reshape",0.0441262
"int64[8]",1,"cpu0",17.416,"vm.builtin.make_shape",0.015832
"float32[1, 128, 256], float32[1, 128, 1], float32[1, 128, 256]",1,"metal0",232.125,"snake1",0.211013
"int64[8]",1,"cpu0",0.375,"vm.builtin.make_shape",0.000340894
"float32[1, 128, 256]",1,"metal0",55.25,"vm.builtin.reshape",0.0502251
"float32[1, 128, 256]",1,"metal0",51.625,"vm.builtin.cached_padding_1d_update",0.0469298
"float32[1, 128, 256]",1,"metal0",53,"vm.builtin.cached_padding_1d_update",0.0481797
"float32[128, 128, 1], float32[128, 1, 1]",1,"metal0",200.458,"fused_tir_square19_sum19",0.182227
"float32[128, 1, 1], float32[128, 128, 1], float32[128, 1, 1], float32[128, 128, 1]",1,"metal0",244.833,"fused_tir_sqrt7_divide19_multiply19",0.222566
"float32[128]",1,"metal0",41.5,"vm.builtin.reshape",0.0377256
"float32[1, 128, 256]",1,"metal0",323.333,"vm.builtin.cached_padding_1d_update",0.293926
"int64[8]",1,"cpu0",0.416,"vm.builtin.make_shape",0.000378165
"float32[1, 128, 256], float32[128, 128, 1], float32[1, 128, 1], float32[1, 128, 256], float32[1, 128, 256]",1,"metal0",235.125,"fused_conv1d25_add21_add22_add23",0.213741
"int64[8]",1,"cpu0",0.417,"vm.builtin.make_shape",0.000379074
"float32[1, 128, 256]",1,"metal0",81.583,"vm.builtin.reshape",0.0741631
"int64[8]",1,"cpu0",0.458,"vm.builtin.make_shape",0.000416345
"float32[1, 128, 256], float32[1, 128, 1], float32[1, 128, 256]",1,"metal0",249.5,"snake1",0.226808
"int64[8]",1,"cpu0",0.375,"vm.builtin.make_shape",0.000340894
"float32[1, 128, 256]",1,"metal0",53,"vm.builtin.reshape",0.0481797
"float32[1, 128, 256]",1,"metal0",316.959,"vm.builtin.cached_padding_1d_update",0.288132
"float32[1, 128, 256]",1,"metal0",240.25,"vm.builtin.cached_padding_1d_update",0.218399
"float32[256, 128, 8], float32[256, 1, 1]",1,"metal0",227.375,"fused_tir_square20_sum20",0.206695
"float32[256, 1, 1], float32[256, 128, 8], float32[256, 1, 1], float32[256, 128, 8]",1,"metal0",269.75,"fused_tir_sqrt8_divide20_multiply20",0.245216
"float32[256]",1,"metal0",67.792,"vm.builtin.reshape",0.0616264
"int64[8]",1,"cpu0",0.458,"vm.builtin.make_shape",0.000416345
"int64[8]",1,"cpu0",0.625,"vm.builtin.make_shape",0.000568157
"float32[1, 128, 260], float32[256, 128, 8], float32[1, 256, 1], float32[1, 256, 64]",1,"metal0",484.084,"fused_conv1d28_add24",0.440057
"float32[1, 256, 64]",1,"metal0",79.708,"vm.builtin.cached_padding_1d_update",0.0724586
"int64[8]",1,"cpu0",0.416,"vm.builtin.make_shape",0.000378165
"float32[1, 256, 64]",1,"metal0",58.5,"vm.builtin.reshape",0.0531795
"int64[8]",1,"cpu0",0.416,"vm.builtin.make_shape",0.000378165
"int64[8]",1,"cpu0",0.292,"vm.builtin.make_shape",0.000265443
"float32[1, 256, 64], float32[1, 256, 1], float32[1, 256, 64]",1,"metal0",190.459,"snake2",0.173137
"int64[8]",1,"cpu0",0.541,"vm.builtin.make_shape",0.000491797
"float32[1, 256, 64]",1,"metal0",45.75,"vm.builtin.reshape",0.0415891
"float32[1, 256, 64]",1,"metal0",57.25,"vm.builtin.cached_padding_1d_update",0.0520432
"float32[1, 256, 64]",1,"metal0",268.292,"vm.builtin.cached_padding_1d_update",0.243891
"float32[256, 256, 7], float32[256, 1, 1]",1,"metal0",241.292,"fused_tir_square21_sum21",0.219347
"float32[256, 1, 1], float32[256, 256, 7], float32[256, 1, 1], float32[256, 256, 7]",1,"metal0",226.875,"fused_tir_sqrt8_divide21_multiply21",0.206241
"float32[256]",1,"metal0",75.458,"vm.builtin.reshape",0.0685952
"int64[8]",1,"cpu0",0.458,"vm.builtin.make_shape",0.000416345
"float32[1, 256, 70], float32[256, 256, 7], float32[1, 256, 1], float32[1, 256, 64]",1,"metal0",1349.29,"fused_conv1d29_add24",1.22657
"int64[8]",1,"cpu0",0.375,"vm.builtin.make_shape",0.000340894
"float32[1, 256, 64]",1,"metal0",51.333,"vm.builtin.reshape",0.0466643
"int64[8]",1,"cpu0",0.459,"vm.builtin.make_shape",0.000417254
"int64[8]",1,"cpu0",0.334,"vm.builtin.make_shape",0.000303623
"float32[1, 256, 64], float32[1, 256, 1], float32[1, 256, 64]",1,"metal0",245.75,"snake2",0.223399
"int64[8]",1,"cpu0",0.375,"vm.builtin.make_shape",0.000340894
"float32[1, 256, 64]",1,"metal0",76.208,"vm.builtin.reshape",0.069277
"float32[1, 256, 64]",1,"metal0",47.083,"vm.builtin.cached_padding_1d_update",0.0428008
"float32[1, 256, 64]",1,"metal0",69.708,"vm.builtin.cached_padding_1d_update",0.0633681
"float32[256, 256, 1], float32[256, 1, 1]",1,"metal0",175.833,"fused_tir_square22_sum22",0.159841
"float32[256, 1, 1], float32[256, 256, 1], float32[256, 1, 1], float32[256, 256, 1]",1,"metal0",238.542,"fused_tir_sqrt8_divide22_multiply22",0.216847
"float32[256]",1,"metal0",69.666,"vm.builtin.reshape",0.0633299
"float32[1, 256, 64]",1,"metal0",335.375,"vm.builtin.cached_padding_1d_update",0.304873
"int64[8]",1,"cpu0",0.584,"vm.builtin.make_shape",0.000530886
"float32[1, 256, 64], float32[256, 256, 1], float32[1, 256, 1], float32[1, 256, 64], float32[1, 256, 64]",1,"metal0",277.25,"fused_conv1d30_add24_add25_add26",0.252034
"float32[1, 256, 64]",1,"metal0",41.042,"vm.builtin.cached_padding_1d_update",0.0373093
"int64[8]",1,"cpu0",0.542,"vm.builtin.make_shape",0.000492706
"float32[1, 256, 64]",1,"metal0",30.667,"vm.builtin.reshape",0.0278779
"int64[8]",1,"cpu0",0.417,"vm.builtin.make_shape",0.000379074
"float32[1, 256, 64], float32[1, 256, 1], float32[1, 256, 64]",1,"metal0",220.791,"snake2",0.20071
"int64[8]",1,"cpu0",0.375,"vm.builtin.make_shape",0.000340894
"float32[1, 256, 64]",1,"metal0",71.459,"vm.builtin.reshape",0.0649599
"float32[1, 256, 64]",1,"metal0",34.875,"vm.builtin.cached_padding_1d_update",0.0317032
"float32[1, 256, 64]",1,"metal0",230.292,"vm.builtin.cached_padding_1d_update",0.209347
"float32[256, 256, 7], float32[256, 1, 1]",1,"metal0",240.5,"fused_tir_square21_sum21",0.218627
"float32[256, 1, 1], float32[256, 256, 7], float32[256, 1, 1], float32[256, 256, 7]",1,"metal0",209.75,"fused_tir_sqrt8_divide21_multiply21",0.190673
"float32[256]",1,"metal0",44.417,"vm.builtin.reshape",0.0403773
"int64[8]",1,"cpu0",0.5,"vm.builtin.make_shape",0.000454525
"float32[1, 256, 82], float32[256, 256, 7], float32[1, 256, 1], float32[1, 256, 64]",1,"metal0",1336.71,"fused_conv1d31_add24",1.21514
"int64[8]",1,"cpu0",0.417,"vm.builtin.make_shape",0.000379074
"float32[1, 256, 64]",1,"metal0",59.875,"vm.builtin.reshape",0.0544294
"int64[8]",1,"cpu0",0.375,"vm.builtin.make_shape",0.000340894
"float32[1, 256, 64], float32[1, 256, 1], float32[1, 256, 64]",1,"metal0",210.5,"snake2",0.191355
"int64[8]",1,"cpu0",0.333,"vm.builtin.make_shape",0.000302714
"float32[1, 256, 64]",1,"metal0",61.709,"vm.builtin.reshape",0.0560966
"float32[1, 256, 64]",1,"metal0",57.792,"vm.builtin.cached_padding_1d_update",0.0525359
"float32[1, 256, 64]",1,"metal0",73.542,"vm.builtin.cached_padding_1d_update",0.0668534
"float32[256, 256, 1], float32[256, 1, 1]",1,"metal0",257.416,"fused_tir_square22_sum22",0.234004
"float32[256, 1, 1], float32[256, 256, 1], float32[256, 1, 1], float32[256, 256, 1]",1,"metal0",406.917,"fused_tir_sqrt8_divide22_multiply22",0.369908
"float32[256]",1,"metal0",61.333,"vm.builtin.reshape",0.0557548
"float32[1, 256, 64]",1,"metal0",331.875,"vm.builtin.cached_padding_1d_update",0.301691
"int64[8]",1,"cpu0",0.333,"vm.builtin.make_shape",0.000302714
"float32[1, 256, 64], float32[256, 256, 1], float32[1, 256, 1], float32[1, 256, 64], float32[1, 256, 64]",1,"metal0",279.541,"fused_conv1d30_add24_add25_add26",0.254117
"float32[1, 256, 64]",1,"metal0",70.5,"vm.builtin.cached_padding_1d_update",0.0640881
"int64[8]",1,"cpu0",0.542,"vm.builtin.make_shape",0.000492706
"float32[1, 256, 64]",1,"metal0",55.334,"vm.builtin.reshape",0.0503014
"int64[8]",1,"cpu0",0.375,"vm.builtin.make_shape",0.000340894
"float32[1, 256, 64], float32[1, 256, 1], float32[1, 256, 64]",1,"metal0",238.458,"snake2",0.21677
"int64[8]",1,"cpu0",0.375,"vm.builtin.make_shape",0.000340894
"float32[1, 256, 64]",1,"metal0",77.5,"vm.builtin.reshape",0.0704515
"float32[1, 256, 64]",1,"metal0",43.25,"vm.builtin.cached_padding_1d_update",0.0393165
"float32[1, 256, 64]",1,"metal0",228.459,"vm.builtin.cached_padding_1d_update",0.207681
"float32[256, 256, 7], float32[256, 1, 1]",1,"metal0",219,"fused_tir_square21_sum21",0.199082
"float32[256, 1, 1], float32[256, 256, 7], float32[256, 1, 1], float32[256, 256, 7]",1,"metal0",274.375,"fused_tir_sqrt8_divide21_multiply21",0.249421
"float32[256]",1,"metal0",55.834,"vm.builtin.reshape",0.050756
"int64[8]",1,"cpu0",0.417,"vm.builtin.make_shape",0.000379074
"float32[1, 256, 118], float32[256, 256, 7], float32[1, 256, 1], float32[1, 256, 64]",1,"metal0",1388,"fused_conv1d32_add24",1.26176
"int64[8]",1,"cpu0",0.333,"vm.builtin.make_shape",0.000302714
"float32[1, 256, 64]",1,"metal0",48.209,"vm.builtin.reshape",0.0438244
"int64[8]",1,"cpu0",0.417,"vm.builtin.make_shape",0.000379074
"float32[1, 256, 64], float32[1, 256, 1], float32[1, 256, 64]",1,"metal0",234.333,"snake2",0.213021
"int64[8]",1,"cpu0",0.458,"vm.builtin.make_shape",0.000416345
"float32[1, 256, 64]",1,"metal0",64.125,"vm.builtin.reshape",0.0582929
"float32[1, 256, 64]",1,"metal0",52.209,"vm.builtin.cached_padding_1d_update",0.0474606
"float32[1, 256, 64]",1,"metal0",51.958,"vm.builtin.cached_padding_1d_update",0.0472325
"float32[256, 256, 1], float32[256, 1, 1]",1,"metal0",207.667,"fused_tir_square22_sum22",0.18878
"float32[256, 1, 1], float32[256, 256, 1], float32[256, 1, 1], float32[256, 256, 1]",1,"metal0",218.958,"fused_tir_sqrt8_divide22_multiply22",0.199044
"float32[256]",1,"metal0",54.542,"vm.builtin.reshape",0.0495815
"float32[1, 256, 64]",1,"metal0",292.708,"vm.builtin.cached_padding_1d_update",0.266086
"int64[8]",1,"cpu0",0.375,"vm.builtin.make_shape",0.000340894
"float32[1, 256, 64], float32[256, 256, 1], float32[1, 256, 1], float32[1, 256, 64], float32[1, 256, 64]",1,"metal0",236.167,"fused_conv1d30_add24_add25_add26",0.214688
"int64[8]",1,"cpu0",0.542,"vm.builtin.make_shape",0.000492706
"float32[1, 256, 64]",1,"metal0",64.458,"vm.builtin.reshape",0.0585956
"int64[8]",1,"cpu0",0.5,"vm.builtin.make_shape",0.000454525
"float32[1, 256, 64], float32[1, 256, 1], float32[1, 256, 64]",1,"metal0",222.709,"snake2",0.202454
"int64[8]",1,"cpu0",0.375,"vm.builtin.make_shape",0.000340894
"float32[1, 256, 64]",1,"metal0",74.708,"vm.builtin.reshape",0.0679134
"float32[1, 256, 64]",1,"metal0",312.958,"vm.builtin.cached_padding_1d_update",0.284495
"float32[1, 256, 64]",1,"metal0",256.958,"vm.builtin.cached_padding_1d_update",0.233588
"float32[512, 256, 16], float32[512, 1, 1]",1,"metal0",206.541,"fused_tir_square23_sum23",0.187756
"float32[512, 1, 1], float32[512, 256, 16], float32[512, 1, 1], float32[512, 256, 16]",1,"metal0",240.958,"fused_tir_sqrt9_divide23_multiply23",0.219043
"float32[512]",1,"metal0",44.417,"vm.builtin.reshape",0.0403773
"int64[8]",1,"cpu0",0.417,"vm.builtin.make_shape",0.000379074
"int64[8]",1,"cpu0",0.334,"vm.builtin.make_shape",0.000303623
"float32[1, 256, 72], float32[512, 256, 16], float32[1, 512, 1], float32[1, 512, 8]",1,"metal0",843.833,"fused_conv1d33_add27",0.767087
"float32[1, 512, 8]",1,"metal0",46.667,"vm.builtin.cached_padding_1d_update",0.0424227
"int64[8]",1,"cpu0",0.416,"vm.builtin.make_shape",0.000378165
"float32[1, 512, 8]",1,"metal0",56.333,"vm.builtin.reshape",0.0512096
"int64[8]",1,"cpu0",0.334,"vm.builtin.make_shape",0.000303623
"int64[8]",1,"cpu0",0.292,"vm.builtin.make_shape",0.000265443
"float32[1, 512, 8], float32[1, 512, 1], float32[1, 512, 8]",1,"metal0",214.792,"snake3",0.195257
"int64[8]",1,"cpu0",0.334,"vm.builtin.make_shape",0.000303623
"float32[1, 512, 8]",1,"metal0",44,"vm.builtin.reshape",0.0399982
"float32[1, 512, 8]",1,"metal0",79.875,"vm.builtin.cached_padding_1d_update",0.0726104
"float32[1, 512, 8]",1,"metal0",370.292,"vm.builtin.cached_padding_1d_update",0.336614
"float32[512, 512, 7], float32[512, 1, 1]",1,"metal0",242.75,"fused_tir_square24_sum24",0.220672
"float32[512, 1, 1], float32[512, 512, 7], float32[512, 1, 1], float32[512, 512, 7]",1,"metal0",260.667,"fused_tir_sqrt9_divide24_multiply24",0.23696
"float32[512]",1,"metal0",61.417,"vm.builtin.reshape",0.0558312
"int64[8]",1,"cpu0",0.459,"vm.builtin.make_shape",0.000417254
"float32[1, 512, 14], float32[512, 512, 7], float32[1, 512, 1], float32[1, 512, 8]",1,"metal0",2785.25,"fused_conv1d34_add27",2.53193
"int64[8]",1,"cpu0",0.458,"vm.builtin.make_shape",0.000416345
"float32[1, 512, 8]",1,"metal0",74.75,"vm.builtin.reshape",0.0679516
"int64[8]",1,"cpu0",0.417,"vm.builtin.make_shape",0.000379074
"int64[8]",1,"cpu0",0.292,"vm.builtin.make_shape",0.000265443
"float32[1, 512, 8], float32[1, 512, 1], float32[1, 512, 8]",1,"metal0",223.167,"snake3",0.20287
"int64[8]",1,"cpu0",0.375,"vm.builtin.make_shape",0.000340894
"float32[1, 512, 8]",1,"metal0",46.875,"vm.builtin.reshape",0.0426118
"float32[1, 512, 8]",1,"metal0",67.708,"vm.builtin.cached_padding_1d_update",0.06155
"float32[1, 512, 8]",1,"metal0",49.625,"vm.builtin.cached_padding_1d_update",0.0451117
"float32[512, 512, 1], float32[512, 1, 1]",1,"metal0",207.5,"fused_tir_square25_sum25",0.188628
"float32[512, 1, 1], float32[512, 512, 1], float32[512, 1, 1], float32[512, 512, 1]",1,"metal0",221.041,"fused_tir_sqrt9_divide25_multiply25",0.200938
"float32[512]",1,"metal0",66.333,"vm.builtin.reshape",0.0603001
"float32[1, 512, 8]",1,"metal0",300.875,"vm.builtin.cached_padding_1d_update",0.273511
"int64[8]",1,"cpu0",0.541,"vm.builtin.make_shape",0.000491797
"float32[1, 512, 8], float32[512, 512, 1], float32[1, 512, 1], float32[1, 512, 8], float32[1, 512, 8]",1,"metal0",322.541,"fused_conv1d35_add27_add28_add29",0.293206
"float32[1, 512, 8]",1,"metal0",63.75,"vm.builtin.cached_padding_1d_update",0.057952
"int64[8]",1,"cpu0",0.417,"vm.builtin.make_shape",0.000379074
"float32[1, 512, 8]",1,"metal0",70.041,"vm.builtin.reshape",0.0636708
"int64[8]",1,"cpu0",0.334,"vm.builtin.make_shape",0.000303623
"float32[1, 512, 8], float32[1, 512, 1], float32[1, 512, 8]",1,"metal0",187.875,"snake3",0.170788
"int64[8]",1,"cpu0",0.375,"vm.builtin.make_shape",0.000340894
"float32[1, 512, 8]",1,"metal0",66.125,"vm.builtin.reshape",0.060111
"float32[1, 512, 8]",1,"metal0",46.292,"vm.builtin.cached_padding_1d_update",0.0420818
"float32[1, 512, 8]",1,"metal0",221.792,"vm.builtin.cached_padding_1d_update",0.20162
"float32[512, 512, 7], float32[512, 1, 1]",1,"metal0",223.334,"fused_tir_square24_sum24",0.203022
"float32[512, 1, 1], float32[512, 512, 7], float32[512, 1, 1], float32[512, 512, 7]",1,"metal0",231,"fused_tir_sqrt9_divide24_multiply24",0.209991
"float32[512]",1,"metal0",55.083,"vm.builtin.reshape",0.0500733
"int64[8]",1,"cpu0",0.458,"vm.builtin.make_shape",0.000416345
"float32[1, 512, 26], float32[512, 512, 7], float32[1, 512, 1], float32[1, 512, 8]",1,"metal0",2807.88,"fused_conv1d36_add27",2.5525
"int64[8]",1,"cpu0",0.459,"vm.builtin.make_shape",0.000417254
"float32[1, 512, 8]",1,"metal0",76.709,"vm.builtin.reshape",0.0697324
"int64[8]",1,"cpu0",0.542,"vm.builtin.make_shape",0.000492706
"float32[1, 512, 8], float32[1, 512, 1], float32[1, 512, 8]",1,"metal0",197.458,"snake3",0.179499
"int64[8]",1,"cpu0",0.292,"vm.builtin.make_shape",0.000265443
"float32[1, 512, 8]",1,"metal0",58.583,"vm.builtin.reshape",0.0532549
"float32[1, 512, 8]",1,"metal0",83.542,"vm.builtin.cached_padding_1d_update",0.0759439
"float32[1, 512, 8]",1,"metal0",52.625,"vm.builtin.cached_padding_1d_update",0.0478388
"float32[512, 512, 1], float32[512, 1, 1]",1,"metal0",228.583,"fused_tir_square25_sum25",0.207794
"float32[512, 1, 1], float32[512, 512, 1], float32[512, 1, 1], float32[512, 512, 1]",1,"metal0",215.917,"fused_tir_sqrt9_divide25_multiply25",0.19628
"float32[512]",1,"metal0",46.375,"vm.builtin.reshape",0.0421572
"float32[1, 512, 8]",1,"metal0",313.25,"vm.builtin.cached_padding_1d_update",0.28476
"int64[8]",1,"cpu0",0.333,"vm.builtin.make_shape",0.000302714
"float32[1, 512, 8], float32[512, 512, 1], float32[1, 512, 1], float32[1, 512, 8], float32[1, 512, 8]",1,"metal0",322.583,"fused_conv1d35_add27_add28_add29",0.293244
"float32[1, 512, 8]",1,"metal0",94.375,"vm.builtin.cached_padding_1d_update",0.0857917
"int64[8]",1,"cpu0",0.417,"vm.builtin.make_shape",0.000379074
"float32[1, 512, 8]",1,"metal0",46.667,"vm.builtin.reshape",0.0424227
"int64[8]",1,"cpu0",0.458,"vm.builtin.make_shape",0.000416345
"float32[1, 512, 8], float32[1, 512, 1], float32[1, 512, 8]",1,"metal0",191.542,"snake3",0.174121
"int64[8]",1,"cpu0",0.5,"vm.builtin.make_shape",0.000454525
"float32[1, 512, 8]",1,"metal0",49.5,"vm.builtin.reshape",0.044998
"float32[1, 512, 8]",1,"metal0",47.959,"vm.builtin.cached_padding_1d_update",0.0435972
"float32[1, 512, 8]",1,"metal0",257,"vm.builtin.cached_padding_1d_update",0.233626
"float32[512, 512, 7], float32[512, 1, 1]",1,"metal0",251.208,"fused_tir_square24_sum24",0.228361
"float32[512, 1, 1], float32[512, 512, 7], float32[512, 1, 1], float32[512, 512, 7]",1,"metal0",305,"fused_tir_sqrt9_divide24_multiply24",0.277261
"float32[512]",1,"metal0",55.458,"vm.builtin.reshape",0.0504141
"int64[8]",1,"cpu0",0.5,"vm.builtin.make_shape",0.000454525
"float32[1, 512, 62], float32[512, 512, 7], float32[1, 512, 1], float32[1, 512, 8]",1,"metal0",2926.54,"fused_conv1d37_add27",2.66038
"int64[8]",1,"cpu0",0.375,"vm.builtin.make_shape",0.000340894
"float32[1, 512, 8]",1,"metal0",63.333,"vm.builtin.reshape",0.0575729
"int64[8]",1,"cpu0",0.375,"vm.builtin.make_shape",0.000340894
"float32[1, 512, 8], float32[1, 512, 1], float32[1, 512, 8]",1,"metal0",253.375,"snake3",0.230331
"int64[8]",1,"cpu0",0.334,"vm.builtin.make_shape",0.000303623
"float32[1, 512, 8]",1,"metal0",63.209,"vm.builtin.reshape",0.0574602
"float32[1, 512, 8]",1,"metal0",67.167,"vm.builtin.cached_padding_1d_update",0.0610582
"float32[1, 512, 8]",1,"metal0",61.75,"vm.builtin.cached_padding_1d_update",0.0561339
"float32[512, 512, 1], float32[512, 1, 1]",1,"metal0",237.625,"fused_tir_square25_sum25",0.216013
"float32[512, 1, 1], float32[512, 512, 1], float32[512, 1, 1], float32[512, 512, 1]",1,"metal0",237.5,"fused_tir_sqrt9_divide25_multiply25",0.2159
"float32[512]",1,"metal0",74,"vm.builtin.reshape",0.0672698
"float32[1, 512, 8]",1,"metal0",435,"vm.builtin.cached_padding_1d_update",0.395437
"int64[8]",1,"cpu0",0.334,"vm.builtin.make_shape",0.000303623
"float32[1, 512, 8], float32[512, 512, 1], float32[1, 512, 1], float32[1, 512, 8], float32[1, 512, 8]",1,"metal0",304.833,"fused_conv1d35_add27_add28_add29",0.277109
"int64[8]",1,"cpu0",0.583,"vm.builtin.make_shape",0.000529977
"float32[1, 512, 8]",1,"metal0",111.791,"vm.builtin.reshape",0.101624
"int64[8]",1,"cpu0",0.542,"vm.builtin.make_shape",0.000492706
"float32[1, 512, 8], float32[1, 512, 1], float32[1, 512, 8]",1,"metal0",196.875,"snake3",0.178969
"int64[8]",1,"cpu0",0.542,"vm.builtin.make_shape",0.000492706
"float32[1, 512, 8]",1,"metal0",68.333,"vm.builtin.reshape",0.0621182
"float32[1, 512, 8]",1,"metal0",347.666,"vm.builtin.cached_padding_1d_update",0.316046
"float32[1, 512, 8]",1,"metal0",247.25,"vm.builtin.cached_padding_1d_update",0.224763
"float32[1024, 512, 16], float32[1024, 1, 1]",1,"metal0",274.541,"fused_tir_square26_sum26",0.249572
"float32[1024, 1, 1], float32[1024, 512, 16], float32[1024, 1, 1], float32[1024, 512, 16]",1,"metal0",312.417,"fused_tir_sqrt10_divide26_multiply26",0.284003
"float32[1024]",1,"metal0",59.958,"vm.builtin.reshape",0.0545049
"int64[8]",1,"cpu0",0.375,"vm.builtin.make_shape",0.000340894
"int64[8]",1,"cpu0",0.291,"vm.builtin.make_shape",0.000264534
"float32[1, 512, 16], float32[1024, 512, 16], float32[1, 1024, 1], float32[1, 1024, 1]",1,"metal0",1366.08,"fused_conv1d38_add30",1.24184
"int64[8]",1,"cpu0",0.375,"vm.builtin.make_shape",0.000340894
"float32[1, 1024, 1]",1,"metal0",86.667,"vm.builtin.reshape",0.0787847
"int64[8]",1,"cpu0",0.375,"vm.builtin.make_shape",0.000340894
"int64[8]",1,"cpu0",0.292,"vm.builtin.make_shape",0.000265443
"float32[1, 1024, 1], float32[1, 1024, 1], float32[1, 1024, 1]",1,"metal0",227.875,"snake4",0.20715
"int64[8]",1,"cpu0",0.292,"vm.builtin.make_shape",0.000265443
"float32[1, 1024, 1]",1,"metal0",76.791,"vm.builtin.reshape",0.0698069
"float32[1, 1024, 1]",1,"metal0",83.875,"vm.builtin.cached_padding_1d_update",0.0762466
"float32[1, 1024, 1]",1,"metal0",225.667,"vm.builtin.cached_padding_1d_update",0.205143
"float32[1024, 1024, 3], float32[1024, 1, 1]",1,"metal0",227.791,"fused_tir_square27_sum27",0.207074
"float32[1024, 1, 1], float32[1024, 1024, 3], float32[1024, 1, 1], float32[1024, 1024, 3]",1,"metal0",226.125,"fused_tir_sqrt10_divide27_multiply27",0.205559
"float32[1024]",1,"metal0",72.583,"vm.builtin.reshape",0.0659816
"int64[8]",1,"cpu0",0.375,"vm.builtin.make_shape",0.000340894
"float32[1, 1024, 3], float32[1024, 1024, 3], float32[1, 1024, 1], float32[1, 1024, 1]",1,"metal0",640.291,"fused_conv1d39_add30",0.582057
"float32[8, 1024, 1], float32[8, 1, 1]",1,"metal0",216.5,"fused_tir_square28_sum28",0.19681
"float32[8, 1, 1], float32[8, 1024, 1], float32[8, 1, 1], float32[8, 1024, 1]",1,"metal0",192.708,"fused_tir_sqrt11_divide28_multiply28",0.175181
"float32[8]",1,"metal0",61.792,"vm.builtin.reshape",0.0561721
"int64[8]",1,"cpu0",0.334,"vm.builtin.make_shape",0.000303623
"int64[8]",1,"cpu0",0.416,"vm.builtin.make_shape",0.000378165
"float32[1, 1024, 1], float32[8, 1024, 1], float32[1, 8, 1], float32[1, 8, 1]",1,"metal0",402.416,"fused_conv1d40_add31",0.365817
"int64[8]",1,"cpu0",0.333,"vm.builtin.make_shape",0.000302714
"float32[1, 8, 1]",1,"metal0",57.291,"vm.builtin.reshape",0.0520804
"int64[8]",1,"cpu0",0.5,"vm.builtin.make_shape",0.000454525
"float32[1, 1, 8]",1,"metal0",48.833,"vm.builtin.reshape",0.0443917
"int64[8]",1,"cpu0",0.375,"vm.builtin.make_shape",0.000340894
"int64[8]",1,"cpu0",0.333,"vm.builtin.make_shape",0.000302714
"float32[1, 8], float32[1, 1]",1,"metal0",191.5,"fused_tir_square29_sum29",0.174083
"int64[8]",1,"cpu0",0.375,"vm.builtin.make_shape",0.000340894
"int64[8]",1,"cpu0",0.458,"vm.builtin.make_shape",0.000416345
"float32[1, 1], float32[1, 8], float32[1, 8]",1,"metal0",203.167,"fused_broadcast_to_maximum_tir_sqrt12_divide29",0.184689
"float32[1024, 8], float32[1024, 1]",1,"metal0",216.333,"fused_tir_square30_sum30",0.196658
"float32[1024, 1], float32[1024, 8], float32[1024, 8]",1,"metal0",172.875,"fused_broadcast_to1_maximum1_tir_sqrt13_divide30",0.157152
"float32[1024, 8], float32[8, 1024]",1,"metal0",190.375,"transpose1",0.173061
"int64[8]",1,"cpu0",0.459,"vm.builtin.make_shape",0.000417254
"float32[1, 8], float32[1, 1]",1,"metal0",233.625,"fused_tir_square29_sum29",0.212377
"float32[1024, 8], float32[1024, 1]",1,"metal0",394.167,"fused_tir_square30_sum30",0.358318
"float32[1024, 1]",1,"metal0",36.208,"vm.builtin.reshape",0.0329149
"int64[8]",1,"cpu0",0.667,"vm.builtin.make_shape",0.000606337
"float32[1, 8], float32[8, 1024], float32[1, 1], float32[1, 1024], float32[1, 1024]",1,"metal0",231.333,"fused_matmul_multiply29_subtract_add32",0.210293
"int64[8]",1,"cpu0",0.375,"vm.builtin.make_shape",0.000340894
"int64[8]",1,"cpu0",0.291,"vm.builtin.make_shape",0.000264534
"float32[1, 1024], int32[1, 1024]",1,"metal0",313.042,"argsort",0.284571
"int64[8]",1,"cpu0",0.333,"vm.builtin.make_shape",0.000302714
"int64[8]",1,"cpu0",0.333,"vm.builtin.make_shape",0.000302714
"int32[1, 1024], int32[1], int32[1, 1]",1,"metal0",207.959,"take",0.189045
"int64[8]",1,"cpu0",0.375,"vm.builtin.make_shape",0.000340894
"int32[1, 1]",1,"metal0",47.208,"vm.builtin.reshape",0.0429145
"int64[8]",1,"cpu0",0.416,"vm.builtin.make_shape",0.000378165
"int32[1, 1]",1,"metal0",100.167,"vm.builtin.reshape",0.0910569
"int64[8]",1,"cpu0",0.417,"vm.builtin.make_shape",0.000379074
"float32[1024, 8], int32[1], float32[1, 8]",1,"metal0",263,"take1",0.23908
"int64[8]",1,"cpu0",0.292,"vm.builtin.make_shape",0.000265443
"float32[1, 8]",1,"metal0",34.25,"vm.builtin.reshape",0.031135
"int64[8]",1,"cpu0",0.5,"vm.builtin.make_shape",0.000454525
"float32[1, 1, 8]",1,"metal0",62.125,"vm.builtin.reshape",0.0564748
"float32[1024, 8, 1], float32[1024, 1, 1]",1,"metal0",234.25,"fused_tir_square31_sum31",0.212945
"float32[1024, 1, 1], float32[1024, 8, 1], float32[1024, 1, 1], float32[1024, 8, 1]",1,"metal0",197.375,"fused_tir_sqrt10_divide31_multiply30",0.179424
"float32[1024]",1,"metal0",52.958,"vm.builtin.reshape",0.0481415
"int64[8]",1,"cpu0",0.417,"vm.builtin.make_shape",0.000379074
"float32[1, 8, 1], float32[1024, 8, 1], float32[1, 1024, 1], float32[1, 1024, 1]",1,"metal0",237.334,"fused_conv1d41_add30",0.215749
"int64[8]",1,"cpu0",0.417,"vm.builtin.make_shape",0.000379074
"int64[8]",1,"cpu0",0.417,"vm.builtin.make_shape",0.000379074
"float32[1, 1024, 1], float32[1, 1024, 1], float32[1, 1024, 1]",1,"metal0",216.458,"subtract1",0.196771
"float32[8, 1024, 1], float32[8, 1, 1]",1,"metal0",200.042,"fused_tir_square28_sum28",0.181848
"float32[8, 1, 1], float32[8, 1024, 1], float32[8, 1, 1], float32[8, 1024, 1]",1,"metal0",225.292,"fused_tir_sqrt11_divide28_multiply28",0.204802
"float32[8]",1,"metal0",56.25,"vm.builtin.reshape",0.0511341
"int64[8]",1,"cpu0",0.375,"vm.builtin.make_shape",0.000340894
"float32[1, 1024, 1], float32[8, 1024, 1], float32[1, 8, 1], float32[1, 8, 1]",1,"metal0",386.459,"fused_conv1d40_add31",0.351311
"int64[8]",1,"cpu0",0.458,"vm.builtin.make_shape",0.000416345
"float32[1, 8, 1]",1,"metal0",69.708,"vm.builtin.reshape",0.0633681
"int64[8]",1,"cpu0",0.416,"vm.builtin.make_shape",0.000378165
"float32[1, 1, 8]",1,"metal0",46.209,"vm.builtin.reshape",0.0420063
"int64[8]",1,"cpu0",0.333,"vm.builtin.make_shape",0.000302714
"float32[1, 8], float32[1, 1]",1,"metal0",189.625,"fused_tir_square29_sum29",0.172379
"int64[8]",1,"cpu0",0.375,"vm.builtin.make_shape",0.000340894
"float32[1, 1], float32[1, 8], float32[1, 8]",1,"metal0",232.75,"fused_broadcast_to_maximum_tir_sqrt12_divide29",0.211582
"float32[1024, 8], float32[1024, 1]",1,"metal0",195.625,"fused_tir_square30_sum30",0.177833
"float32[1024, 1], float32[1024, 8], float32[1024, 8]",1,"metal0",184.875,"fused_broadcast_to1_maximum1_tir_sqrt13_divide30",0.168061
"float32[1024, 8], float32[8, 1024]",1,"metal0",209.709,"transpose1",0.190636
"int64[8]",1,"cpu0",0.375,"vm.builtin.make_shape",0.000340894
"float32[1, 8], float32[1, 1]",1,"metal0",180.167,"fused_tir_square29_sum29",0.163781
"float32[1024, 8], float32[1024, 1]",1,"metal0",214.291,"fused_tir_square30_sum30",0.194801
"float32[1024, 1]",1,"metal0",46.417,"vm.builtin.reshape",0.0421954
"int64[8]",1,"cpu0",0.375,"vm.builtin.make_shape",0.000340894
"float32[1, 8], float32[8, 1024], float32[1, 1], float32[1, 1024], float32[1, 1024]",1,"metal0",235.583,"fused_matmul_multiply29_subtract_add32",0.214157
"int64[8]",1,"cpu0",0.334,"vm.builtin.make_shape",0.000303623
"float32[1, 1024], int32[1, 1024]",1,"metal0",275.125,"argsort",0.250103
"int64[8]",1,"cpu0",0.417,"vm.builtin.make_shape",0.000379074
"int64[8]",1,"cpu0",0.25,"vm.builtin.make_shape",0.000227263
"int32[1, 1024], int32[1], int32[1, 1]",1,"metal0",189.25,"take",0.172038
"int64[8]",1,"cpu0",0.333,"vm.builtin.make_shape",0.000302714
"int32[1, 1]",1,"metal0",50.166,"vm.builtin.reshape",0.0456035
"int64[8]",1,"cpu0",0.333,"vm.builtin.make_shape",0.000302714
"int32[1, 1]",1,"metal0",52.333,"vm.builtin.reshape",0.0475734
"int64[8]",1,"cpu0",0.584,"vm.builtin.make_shape",0.000530886
"float32[1024, 8], int32[1], float32[1, 8]",1,"metal0",205.166,"take1",0.186506
"int64[8]",1,"cpu0",0.333,"vm.builtin.make_shape",0.000302714
"float32[1, 8]",1,"metal0",45.375,"vm.builtin.reshape",0.0412482
"int64[8]",1,"cpu0",0.667,"vm.builtin.make_shape",0.000606337
"float32[1, 1, 8]",1,"metal0",101.542,"vm.builtin.reshape",0.0923069
"float32[1024, 8, 1], float32[1024, 1, 1]",1,"metal0",192.209,"fused_tir_square31_sum31",0.174728
"float32[1024, 1, 1], float32[1024, 8, 1], float32[1024, 1, 1], float32[1024, 8, 1]",1,"metal0",188.041,"fused_tir_sqrt10_divide31_multiply30",0.170939
"float32[1024]",1,"metal0",62.75,"vm.builtin.reshape",0.0570429
"int64[8]",1,"cpu0",0.5,"vm.builtin.make_shape",0.000454525
"float32[1, 8, 1], float32[1024, 8, 1], float32[1, 1024, 1], float32[1, 1024, 1]",1,"metal0",197.583,"fused_conv1d41_add30",0.179613
"int64[8]",1,"cpu0",0.375,"vm.builtin.make_shape",0.000340894
"int64[8]",1,"cpu0",0.416,"vm.builtin.make_shape",0.000378165
"float32[1, 1024, 1], float32[1, 1024, 1], float32[1, 1024, 1]",1,"metal0",233.333,"subtract1",0.212112
"float32[8, 1024, 1], float32[8, 1, 1]",1,"metal0",187.292,"fused_tir_square28_sum28",0.170258
"float32[8, 1, 1], float32[8, 1024, 1], float32[8, 1, 1], float32[8, 1024, 1]",1,"metal0",220.167,"fused_tir_sqrt11_divide28_multiply28",0.200143
"float32[8]",1,"metal0",70.5,"vm.builtin.reshape",0.0640881
"int64[8]",1,"cpu0",0.5,"vm.builtin.make_shape",0.000454525
"float32[1, 1024, 1], float32[8, 1024, 1], float32[1, 8, 1], float32[1, 8, 1]",1,"metal0",438.333,"fused_conv1d40_add31",0.398467
"int64[8]",1,"cpu0",0.334,"vm.builtin.make_shape",0.000303623
"float32[1, 8, 1]",1,"metal0",72.708,"vm.builtin.reshape",0.0660953
"int64[8]",1,"cpu0",0.375,"vm.builtin.make_shape",0.000340894
"float32[1, 1, 8]",1,"metal0",72.417,"vm.builtin.reshape",0.0658307
"int64[8]",1,"cpu0",0.334,"vm.builtin.make_shape",0.000303623
"float32[1, 8], float32[1, 1]",1,"metal0",401.333,"fused_tir_square29_sum29",0.364832
"int64[8]",1,"cpu0",0.375,"vm.builtin.make_shape",0.000340894
"float32[1, 1], float32[1, 8], float32[1, 8]",1,"metal0",210.166,"fused_broadcast_to_maximum_tir_sqrt12_divide29",0.191052
"float32[1024, 8], float32[1024, 1]",1,"metal0",210.75,"fused_tir_square30_sum30",0.191582
"float32[1024, 1], float32[1024, 8], float32[1024, 8]",1,"metal0",207.875,"fused_broadcast_to1_maximum1_tir_sqrt13_divide30",0.188969
"float32[1024, 8], float32[8, 1024]",1,"metal0",237.084,"transpose1",0.215521
"int64[8]",1,"cpu0",0.375,"vm.builtin.make_shape",0.000340894
"float32[1, 8], float32[1, 1]",1,"metal0",226.125,"fused_tir_square29_sum29",0.205559
"float32[1024, 8], float32[1024, 1]",1,"metal0",224.875,"fused_tir_square30_sum30",0.204423
"float32[1024, 1]",1,"metal0",59.75,"vm.builtin.reshape",0.0543158
"int64[8]",1,"cpu0",0.334,"vm.builtin.make_shape",0.000303623
"float32[1, 8], float32[8, 1024], float32[1, 1], float32[1, 1024], float32[1, 1024]",1,"metal0",268.583,"fused_matmul_multiply29_subtract_add32",0.244156
"int64[8]",1,"cpu0",0.375,"vm.builtin.make_shape",0.000340894
"float32[1, 1024], int32[1, 1024]",1,"metal0",277.541,"argsort",0.252299
"int64[8]",1,"cpu0",0.375,"vm.builtin.make_shape",0.000340894
"int64[8]",1,"cpu0",0.292,"vm.builtin.make_shape",0.000265443
"int32[1, 1024], int32[1], int32[1, 1]",1,"metal0",176.25,"take",0.16022
"int64[8]",1,"cpu0",0.375,"vm.builtin.make_shape",0.000340894
"int32[1, 1]",1,"metal0",35.375,"vm.builtin.reshape",0.0321577
"int64[8]",1,"cpu0",0.5,"vm.builtin.make_shape",0.000454525
"int32[1, 1]",1,"metal0",66,"vm.builtin.reshape",0.0599974
"int64[8]",1,"cpu0",0.334,"vm.builtin.make_shape",0.000303623
"float32[1024, 8], int32[1], float32[1, 8]",1,"metal0",182.25,"take1",0.165675
"int64[8]",1,"cpu0",0.333,"vm.builtin.make_shape",0.000302714
"float32[1, 8]",1,"metal0",54.917,"vm.builtin.reshape",0.0499224
"int64[8]",1,"cpu0",0.416,"vm.builtin.make_shape",0.000378165
"float32[1, 1, 8]",1,"metal0",64.208,"vm.builtin.reshape",0.0583683
"float32[1024, 8, 1], float32[1024, 1, 1]",1,"metal0",203.708,"fused_tir_square31_sum31",0.185181
"float32[1024, 1, 1], float32[1024, 8, 1], float32[1024, 1, 1], float32[1024, 8, 1]",1,"metal0",200.125,"fused_tir_sqrt10_divide31_multiply30",0.181924
"float32[1024]",1,"metal0",53.417,"vm.builtin.reshape",0.0485588
"int64[8]",1,"cpu0",0.375,"vm.builtin.make_shape",0.000340894
"float32[1, 8, 1], float32[1024, 8, 1], float32[1, 1024, 1], float32[1, 1024, 1]",1,"metal0",214.042,"fused_conv1d41_add30",0.194575
"int64[8]",1,"cpu0",0.375,"vm.builtin.make_shape",0.000340894
"int64[8]",1,"cpu0",0.291,"vm.builtin.make_shape",0.000264534
"float32[1, 1024, 1], float32[1, 1024, 1], float32[1, 1024, 1]",1,"metal0",182.334,"subtract1",0.165751
"float32[8, 1024, 1], float32[8, 1, 1]",1,"metal0",200.958,"fused_tir_square28_sum28",0.182681
"float32[8, 1, 1], float32[8, 1024, 1], float32[8, 1, 1], float32[8, 1024, 1]",1,"metal0",174.834,"fused_tir_sqrt11_divide28_multiply28",0.158933
"float32[8]",1,"metal0",47.292,"vm.builtin.reshape",0.0429908
"int64[8]",1,"cpu0",0.333,"vm.builtin.make_shape",0.000302714
"float32[1, 1024, 1], float32[8, 1024, 1], float32[1, 8, 1], float32[1, 8, 1]",1,"metal0",401.833,"fused_conv1d40_add31",0.365287
"int64[8]",1,"cpu0",0.416,"vm.builtin.make_shape",0.000378165
"float32[1, 8, 1]",1,"metal0",47.375,"vm.builtin.reshape",0.0430663
"int64[8]",1,"cpu0",0.458,"vm.builtin.make_shape",0.000416345
"float32[1, 1, 8]",1,"metal0",38.833,"vm.builtin.reshape",0.0353012
"int64[8]",1,"cpu0",0.459,"vm.builtin.make_shape",0.000417254
"float32[1, 8], float32[1, 1]",1,"metal0",183.833,"fused_tir_square29_sum29",0.167114
"int64[8]",1,"cpu0",0.458,"vm.builtin.make_shape",0.000416345
"float32[1, 1], float32[1, 8], float32[1, 8]",1,"metal0",188.708,"fused_broadcast_to_maximum_tir_sqrt12_divide29",0.171545
"float32[1024, 8], float32[1024, 1]",1,"metal0",222.667,"fused_tir_square30_sum30",0.202416
"float32[1024, 1], float32[1024, 8], float32[1024, 8]",1,"metal0",198.709,"fused_broadcast_to1_maximum1_tir_sqrt13_divide30",0.180637
"float32[1024, 8], float32[8, 1024]",1,"metal0",251.458,"transpose1",0.228588
"int64[8]",1,"cpu0",0.458,"vm.builtin.make_shape",0.000416345
"float32[1, 8], float32[1, 1]",1,"metal0",235.833,"fused_tir_square29_sum29",0.214384
"float32[1024, 8], float32[1024, 1]",1,"metal0",233.209,"fused_tir_square30_sum30",0.211999
"float32[1024, 1]",1,"metal0",74.458,"vm.builtin.reshape",0.0676861
"int64[8]",1,"cpu0",0.333,"vm.builtin.make_shape",0.000302714
"float32[1, 8], float32[8, 1024], float32[1, 1], float32[1, 1024], float32[1, 1024]",1,"metal0",243.25,"fused_matmul_multiply29_subtract_add32",0.221127
"int64[8]",1,"cpu0",0.375,"vm.builtin.make_shape",0.000340894
"float32[1, 1024], int32[1, 1024]",1,"metal0",294.708,"argsort",0.267905
"int64[8]",1,"cpu0",0.333,"vm.builtin.make_shape",0.000302714
"int64[8]",1,"cpu0",0.417,"vm.builtin.make_shape",0.000379074
"int32[1, 1024], int32[1], int32[1, 1]",1,"metal0",193.583,"take",0.175977
"int64[8]",1,"cpu0",0.417,"vm.builtin.make_shape",0.000379074
"int32[1, 1]",1,"metal0",60.875,"vm.builtin.reshape",0.0553385
"int64[8]",1,"cpu0",0.458,"vm.builtin.make_shape",0.000416345
"int32[1, 1]",1,"metal0",57.041,"vm.builtin.reshape",0.0518532
"int64[8]",1,"cpu0",0.541,"vm.builtin.make_shape",0.000491797
"float32[1024, 8], int32[1], float32[1, 8]",1,"metal0",217.667,"take1",0.19787
"int64[8]",1,"cpu0",0.458,"vm.builtin.make_shape",0.000416345
"float32[1, 8]",1,"metal0",71.625,"vm.builtin.reshape",0.0651108
"int64[8]",1,"cpu0",0.375,"vm.builtin.make_shape",0.000340894
"float32[1, 1, 8]",1,"metal0",99.791,"vm.builtin.reshape",0.0907151
"float32[1024, 8, 1], float32[1024, 1, 1]",1,"metal0",222.75,"fused_tir_square31_sum31",0.202491
"float32[1024, 1, 1], float32[1024, 8, 1], float32[1024, 1, 1], float32[1024, 8, 1]",1,"metal0",217.875,"fused_tir_sqrt10_divide31_multiply30",0.198059
"float32[1024]",1,"metal0",37.875,"vm.builtin.reshape",0.0344303
"int64[8]",1,"cpu0",0.375,"vm.builtin.make_shape",0.000340894
"float32[1, 8, 1], float32[1024, 8, 1], float32[1, 1024, 1], float32[1, 1024, 1]",1,"metal0",190.042,"fused_conv1d41_add30",0.172758
"int64[8]",1,"cpu0",0.458,"vm.builtin.make_shape",0.000416345
"int64[8]",1,"cpu0",0.333,"vm.builtin.make_shape",0.000302714
"float32[1, 1024, 1], float32[1, 1024, 1], float32[1, 1024, 1]",1,"metal0",360.875,"subtract1",0.328054
"float32[8, 1024, 1], float32[8, 1, 1]",1,"metal0",181.459,"fused_tir_square28_sum28",0.164955
"float32[8, 1, 1], float32[8, 1024, 1], float32[8, 1, 1], float32[8, 1024, 1]",1,"metal0",178.584,"fused_tir_sqrt11_divide28_multiply28",0.162342
"float32[8]",1,"metal0",65.834,"vm.builtin.reshape",0.0598465
"int64[8]",1,"cpu0",0.375,"vm.builtin.make_shape",0.000340894
"float32[1, 1024, 1], float32[8, 1024, 1], float32[1, 8, 1], float32[1, 8, 1]",1,"metal0",408.208,"fused_conv1d40_add31",0.371082
"int64[8]",1,"cpu0",0.5,"vm.builtin.make_shape",0.000454525
"float32[1, 8, 1]",1,"metal0",76.583,"vm.builtin.reshape",0.0696179
"int64[8]",1,"cpu0",0.333,"vm.builtin.make_shape",0.000302714
"float32[1, 1, 8]",1,"metal0",46.875,"vm.builtin.reshape",0.0426118
"int64[8]",1,"cpu0",0.459,"vm.builtin.make_shape",0.000417254
"float32[1, 8], float32[1, 1]",1,"metal0",162.25,"fused_tir_square29_sum29",0.147494
"int64[8]",1,"cpu0",0.5,"vm.builtin.make_shape",0.000454525
"float32[1, 1], float32[1, 8], float32[1, 8]",1,"metal0",182.333,"fused_broadcast_to_maximum_tir_sqrt12_divide29",0.16575
"float32[1024, 8], float32[1024, 1]",1,"metal0",200.708,"fused_tir_square30_sum30",0.182454
"float32[1024, 1], float32[1024, 8], float32[1024, 8]",1,"metal0",228.959,"fused_broadcast_to1_maximum1_tir_sqrt13_divide30",0.208135
"float32[1024, 8], float32[8, 1024]",1,"metal0",273.5,"transpose1",0.248625
"int64[8]",1,"cpu0",0.375,"vm.builtin.make_shape",0.000340894
"float32[1, 8], float32[1, 1]",1,"metal0",198.75,"fused_tir_square29_sum29",0.180674
"float32[1024, 8], float32[1024, 1]",1,"metal0",206.709,"fused_tir_square30_sum30",0.187909
"float32[1024, 1]",1,"metal0",56.208,"vm.builtin.reshape",0.0510959
"int64[8]",1,"cpu0",0.333,"vm.builtin.make_shape",0.000302714
"float32[1, 8], float32[8, 1024], float32[1, 1], float32[1, 1024], float32[1, 1024]",1,"metal0",193.875,"fused_matmul_multiply29_subtract_add32",0.176242
"int64[8]",1,"cpu0",0.375,"vm.builtin.make_shape",0.000340894
"float32[1, 1024], int32[1, 1024]",1,"metal0",275.208,"argsort",0.250178
"int64[8]",1,"cpu0",0.375,"vm.builtin.make_shape",0.000340894
"int64[8]",1,"cpu0",0.333,"vm.builtin.make_shape",0.000302714
"int32[1, 1024], int32[1], int32[1, 1]",1,"metal0",247.542,"take",0.225028
"int64[8]",1,"cpu0",0.333,"vm.builtin.make_shape",0.000302714
"int32[1, 1]",1,"metal0",58.458,"vm.builtin.reshape",0.0531413
"int64[8]",1,"cpu0",0.334,"vm.builtin.make_shape",0.000303623
"int32[1, 1]",1,"metal0",74.917,"vm.builtin.reshape",0.0681034
"int64[8]",1,"cpu0",0.417,"vm.builtin.make_shape",0.000379074
"float32[1024, 8], int32[1], float32[1, 8]",1,"metal0",219.042,"take1",0.19912
"int64[8]",1,"cpu0",0.458,"vm.builtin.make_shape",0.000416345
"float32[1, 8]",1,"metal0",84.375,"vm.builtin.reshape",0.0767012
"int64[8]",1,"cpu0",0.417,"vm.builtin.make_shape",0.000379074
"float32[1, 1, 8]",1,"metal0",57.375,"vm.builtin.reshape",0.0521568
"float32[1024, 8, 1], float32[1024, 1, 1]",1,"metal0",216.208,"fused_tir_square31_sum31",0.196544
"float32[1024, 1, 1], float32[1024, 8, 1], float32[1024, 1, 1], float32[1024, 8, 1]",1,"metal0",175.875,"fused_tir_sqrt10_divide31_multiply30",0.159879
"float32[1024]",1,"metal0",59.708,"vm.builtin.reshape",0.0542776
"int64[8]",1,"cpu0",0.458,"vm.builtin.make_shape",0.000416345
"float32[1, 8, 1], float32[1024, 8, 1], float32[1, 1024, 1], float32[1, 1024, 1]",1,"metal0",252.584,"fused_conv1d41_add30",0.229612
"int64[8]",1,"cpu0",0.334,"vm.builtin.make_shape",0.000303623
"int64[8]",1,"cpu0",0.417,"vm.builtin.make_shape",0.000379074
"float32[1, 1024, 1], float32[1, 1024, 1], float32[1, 1024, 1]",1,"metal0",178.417,"subtract1",0.16219
"float32[8, 1024, 1], float32[8, 1, 1]",1,"metal0",225.917,"fused_tir_square28_sum28",0.20537
"float32[8, 1, 1], float32[8, 1024, 1], float32[8, 1, 1], float32[8, 1024, 1]",1,"metal0",187.167,"fused_tir_sqrt11_divide28_multiply28",0.170144
"float32[8]",1,"metal0",71.042,"vm.builtin.reshape",0.0645808
"int64[8]",1,"cpu0",0.333,"vm.builtin.make_shape",0.000302714
"float32[1, 1024, 1], float32[8, 1024, 1], float32[1, 8, 1], float32[1, 8, 1]",1,"metal0",412.25,"fused_conv1d40_add31",0.374756
"int64[8]",1,"cpu0",0.375,"vm.builtin.make_shape",0.000340894
"float32[1, 8, 1]",1,"metal0",29.458,"vm.builtin.reshape",0.0267788
"int64[8]",1,"cpu0",0.458,"vm.builtin.make_shape",0.000416345
"float32[1, 1, 8]",1,"metal0",51.542,"vm.builtin.reshape",0.0468543
"int64[8]",1,"cpu0",0.333,"vm.builtin.make_shape",0.000302714
"float32[1, 8], float32[1, 1]",1,"metal0",208.708,"fused_tir_square29_sum29",0.189726
"int64[8]",1,"cpu0",0.375,"vm.builtin.make_shape",0.000340894
"float32[1, 1], float32[1, 8], float32[1, 8]",1,"metal0",180.416,"fused_broadcast_to_maximum_tir_sqrt12_divide29",0.164007
"float32[1024, 8], float32[1024, 1]",1,"metal0",216.042,"fused_tir_square30_sum30",0.196393
"float32[1024, 1], float32[1024, 8], float32[1024, 8]",1,"metal0",218,"fused_broadcast_to1_maximum1_tir_sqrt13_divide30",0.198173
"float32[1024, 8], float32[8, 1024]",1,"metal0",178.708,"transpose1",0.162455
"int64[8]",1,"cpu0",0.375,"vm.builtin.make_shape",0.000340894
"float32[1, 8], float32[1, 1]",1,"metal0",191.5,"fused_tir_square29_sum29",0.174083
"float32[1024, 8], float32[1024, 1]",1,"metal0",199.625,"fused_tir_square30_sum30",0.181469
"float32[1024, 1]",1,"metal0",46.292,"vm.builtin.reshape",0.0420818
"int64[8]",1,"cpu0",0.375,"vm.builtin.make_shape",0.000340894
"float32[1, 8], float32[8, 1024], float32[1, 1], float32[1, 1024], float32[1, 1024]",1,"metal0",276.042,"fused_matmul_multiply29_subtract_add32",0.250936
"int64[8]",1,"cpu0",0.458,"vm.builtin.make_shape",0.000416345
"float32[1, 1024], int32[1, 1024]",1,"metal0",310.583,"argsort",0.282336
"int64[8]",1,"cpu0",0.375,"vm.builtin.make_shape",0.000340894
"int64[8]",1,"cpu0",0.333,"vm.builtin.make_shape",0.000302714
"int32[1, 1024], int32[1], int32[1, 1]",1,"metal0",207.167,"take",0.188325
"int64[8]",1,"cpu0",0.292,"vm.builtin.make_shape",0.000265443
"int32[1, 1]",1,"metal0",78.334,"vm.builtin.reshape",0.0712096
"int64[8]",1,"cpu0",0.375,"vm.builtin.make_shape",0.000340894
"int32[1, 1]",1,"metal0",37.958,"vm.builtin.reshape",0.0345058
"int64[8]",1,"cpu0",0.334,"vm.builtin.make_shape",0.000303623
"float32[1024, 8], int32[1], float32[1, 8]",1,"metal0",274.333,"take1",0.249383
"int64[8]",1,"cpu0",0.417,"vm.builtin.make_shape",0.000379074
"float32[1, 8]",1,"metal0",60.959,"vm.builtin.reshape",0.0554148
"int64[8]",1,"cpu0",0.375,"vm.builtin.make_shape",0.000340894
"float32[1, 1, 8]",1,"metal0",62.167,"vm.builtin.reshape",0.056513
"float32[1024, 8, 1], float32[1024, 1, 1]",1,"metal0",202.959,"fused_tir_square31_sum31",0.1845
"float32[1024, 1, 1], float32[1024, 8, 1], float32[1024, 1, 1], float32[1024, 8, 1]",1,"metal0",186.167,"fused_tir_sqrt10_divide31_multiply30",0.169235
"float32[1024]",1,"metal0",62.625,"vm.builtin.reshape",0.0569293
"int64[8]",1,"cpu0",0.458,"vm.builtin.make_shape",0.000416345
"float32[1, 8, 1], float32[1024, 8, 1], float32[1, 1024, 1], float32[1, 1024, 1]",1,"metal0",219.166,"fused_conv1d41_add30",0.199233
"int64[8]",1,"cpu0",0.333,"vm.builtin.make_shape",0.000302714
"int64[8]",1,"cpu0",0.417,"vm.builtin.make_shape",0.000379074
"float32[1, 1024, 1], float32[1, 1024, 1], float32[1, 1024, 1]",1,"metal0",209.875,"subtract1",0.190787
"float32[8, 1024, 1], float32[8, 1, 1]",1,"metal0",220.333,"fused_tir_square28_sum28",0.200294
"float32[8, 1, 1], float32[8, 1024, 1], float32[8, 1, 1], float32[8, 1024, 1]",1,"metal0",193.5,"fused_tir_sqrt11_divide28_multiply28",0.175901
"float32[8]",1,"metal0",52.959,"vm.builtin.reshape",0.0481424
"int64[8]",1,"cpu0",0.459,"vm.builtin.make_shape",0.000417254
"float32[1, 1024, 1], float32[8, 1024, 1], float32[1, 8, 1], float32[1, 8, 1]",1,"metal0",400.833,"fused_conv1d40_add31",0.364378
"int64[8]",1,"cpu0",0.375,"vm.builtin.make_shape",0.000340894
"float32[1, 8, 1]",1,"metal0",63.833,"vm.builtin.reshape",0.0580275
"int64[8]",1,"cpu0",0.416,"vm.builtin.make_shape",0.000378165
"float32[1, 1, 8]",1,"metal0",72.25,"vm.builtin.reshape",0.0656789
"int64[8]",1,"cpu0",0.375,"vm.builtin.make_shape",0.000340894
"float32[1, 8], float32[1, 1]",1,"metal0",239.583,"fused_tir_square29_sum29",0.217793
"int64[8]",1,"cpu0",0.375,"vm.builtin.make_shape",0.000340894
"float32[1, 1], float32[1, 8], float32[1, 8]",1,"metal0",198.291,"fused_broadcast_to_maximum_tir_sqrt12_divide29",0.180257
"float32[1024, 8], float32[1024, 1]",1,"metal0",221.584,"fused_tir_square30_sum30",0.201431
"float32[1024, 1], float32[1024, 8], float32[1024, 8]",1,"metal0",201.042,"fused_broadcast_to1_maximum1_tir_sqrt13_divide30",0.182757
"float32[1024, 8], float32[8, 1024]",1,"metal0",220.458,"transpose1",0.200408
"int64[8]",1,"cpu0",0.417,"vm.builtin.make_shape",0.000379074
"float32[1, 8], float32[1, 1]",1,"metal0",185,"fused_tir_square29_sum29",0.168174
"float32[1024, 8], float32[1024, 1]",1,"metal0",206.875,"fused_tir_square30_sum30",0.18806
"float32[1024, 1]",1,"metal0",57.792,"vm.builtin.reshape",0.0525359
"int64[8]",1,"cpu0",0.333,"vm.builtin.make_shape",0.000302714
"float32[1, 8], float32[8, 1024], float32[1, 1], float32[1, 1024], float32[1, 1024]",1,"metal0",204.542,"fused_matmul_multiply29_subtract_add32",0.185939
"int64[8]",1,"cpu0",0.417,"vm.builtin.make_shape",0.000379074
"float32[1, 1024], int32[1, 1024]",1,"metal0",306.084,"argsort",0.278246
"int64[8]",1,"cpu0",0.333,"vm.builtin.make_shape",0.000302714
"int64[8]",1,"cpu0",0.334,"vm.builtin.make_shape",0.000303623
"int32[1, 1024], int32[1], int32[1, 1]",1,"metal0",195.583,"take",0.177795
"int64[8]",1,"cpu0",0.334,"vm.builtin.make_shape",0.000303623
"int32[1, 1]",1,"metal0",58.375,"vm.builtin.reshape",0.0530659
"int64[8]",1,"cpu0",0.417,"vm.builtin.make_shape",0.000379074
"int32[1, 1]",1,"metal0",48.667,"vm.builtin.reshape",0.0442408
"int64[8]",1,"cpu0",0.375,"vm.builtin.make_shape",0.000340894
"float32[1024, 8], int32[1], float32[1, 8]",1,"metal0",170.833,"take1",0.155296
"int64[8]",1,"cpu0",0.375,"vm.builtin.make_shape",0.000340894
"float32[1, 8]",1,"metal0",54.083,"vm.builtin.reshape",0.0491642
"int64[8]",1,"cpu0",0.541,"vm.builtin.make_shape",0.000491797
"float32[1, 1, 8]",1,"metal0",57.625,"vm.builtin.reshape",0.0523841
"float32[1024, 8, 1], float32[1024, 1, 1]",1,"metal0",219.292,"fused_tir_square31_sum31",0.199348
"float32[1024, 1, 1], float32[1024, 8, 1], float32[1024, 1, 1], float32[1024, 8, 1]",1,"metal0",199.583,"fused_tir_sqrt10_divide31_multiply30",0.181431
"float32[1024]",1,"metal0",54.167,"vm.builtin.reshape",0.0492406
"int64[8]",1,"cpu0",0.458,"vm.builtin.make_shape",0.000416345
"float32[1, 8, 1], float32[1024, 8, 1], float32[1, 1024, 1], float32[1, 1024, 1]",1,"metal0",204.542,"fused_conv1d41_add30",0.185939
"int64[8]",1,"cpu0",0.333,"vm.builtin.make_shape",0.000302714
"int64[8]",1,"cpu0",0.417,"vm.builtin.make_shape",0.000379074
"float32[1, 1024, 1], float32[1, 1024, 1], float32[1, 1024, 1]",1,"metal0",207.958,"subtract1",0.189044
"float32[8, 1024, 1], float32[8, 1, 1]",1,"metal0",188.542,"fused_tir_square28_sum28",0.171394
"float32[8, 1, 1], float32[8, 1024, 1], float32[8, 1, 1], float32[8, 1024, 1]",1,"metal0",221.834,"fused_tir_sqrt11_divide28_multiply28",0.201658
"float32[8]",1,"metal0",73.834,"vm.builtin.reshape",0.0671189
"int64[8]",1,"cpu0",0.375,"vm.builtin.make_shape",0.000340894
"float32[1, 1024, 1], float32[8, 1024, 1], float32[1, 8, 1], float32[1, 8, 1]",1,"metal0",418.417,"fused_conv1d40_add31",0.380362
"int64[8]",1,"cpu0",0.375,"vm.builtin.make_shape",0.000340894
"float32[1, 8, 1]",1,"metal0",104.75,"vm.builtin.reshape",0.0952231
"int64[8]",1,"cpu0",0.334,"vm.builtin.make_shape",0.000303623
"float32[1, 1, 8]",1,"metal0",147.083,"vm.builtin.reshape",0.133706
"int64[8]",1,"cpu0",0.417,"vm.builtin.make_shape",0.000379074
"float32[1, 8], float32[1, 1]",1,"metal0",213.875,"fused_tir_square29_sum29",0.194423
"int64[8]",1,"cpu0",0.417,"vm.builtin.make_shape",0.000379074
"float32[1, 1], float32[1, 8], float32[1, 8]",1,"metal0",179.791,"fused_broadcast_to_maximum_tir_sqrt12_divide29",0.163439
"float32[1024, 8], float32[1024, 1]",1,"metal0",196.458,"fused_tir_square30_sum30",0.17859
"float32[1024, 1], float32[1024, 8], float32[1024, 8]",1,"metal0",186.375,"fused_broadcast_to1_maximum1_tir_sqrt13_divide30",0.169424
"float32[1024, 8], float32[8, 1024]",1,"metal0",177.375,"transpose1",0.161243
"int64[8]",1,"cpu0",0.375,"vm.builtin.make_shape",0.000340894
"float32[1, 8], float32[1, 1]",1,"metal0",203.25,"fused_tir_square29_sum29",0.184765
"float32[1024, 8], float32[1024, 1]",1,"metal0",324.25,"fused_tir_square30_sum30",0.29476
"float32[1024, 1]",1,"metal0",87.167,"vm.builtin.reshape",0.0792392
"int64[8]",1,"cpu0",0.458,"vm.builtin.make_shape",0.000416345
"float32[1, 8], float32[8, 1024], float32[1, 1], float32[1, 1024], float32[1, 1024]",1,"metal0",209.166,"fused_matmul_multiply29_subtract_add32",0.190143
"int64[8]",1,"cpu0",0.334,"vm.builtin.make_shape",0.000303623
"float32[1, 1024], int32[1, 1024]",1,"metal0",326.208,"argsort",0.29654
"int64[8]",1,"cpu0",0.416,"vm.builtin.make_shape",0.000378165
"int64[8]",1,"cpu0",0.292,"vm.builtin.make_shape",0.000265443
"int32[1, 1024], int32[1], int32[1, 1]",1,"metal0",230.792,"take",0.209802
"int64[8]",1,"cpu0",0.375,"vm.builtin.make_shape",0.000340894
"int32[1, 1]",1,"metal0",56.209,"vm.builtin.reshape",0.0510968
"int64[8]",1,"cpu0",0.334,"vm.builtin.make_shape",0.000303623
"int32[1, 1]",1,"metal0",46.291,"vm.builtin.reshape",0.0420809
"int64[8]",1,"cpu0",0.375,"vm.builtin.make_shape",0.000340894
"float32[1024, 8], int32[1], float32[1, 8]",1,"metal0",219.917,"take1",0.199916
"int64[8]",1,"cpu0",0.333,"vm.builtin.make_shape",0.000302714
"float32[1, 8]",1,"metal0",83.917,"vm.builtin.reshape",0.0762848
"int64[8]",1,"cpu0",0.334,"vm.builtin.make_shape",0.000303623
"float32[1, 1, 8]",1,"metal0",73.625,"vm.builtin.reshape",0.0669289
"float32[1024, 8, 1], float32[1024, 1, 1]",1,"metal0",210.208,"fused_tir_square31_sum31",0.19109
"float32[1024, 1, 1], float32[1024, 8, 1], float32[1024, 1, 1], float32[1024, 8, 1]",1,"metal0",215.625,"fused_tir_sqrt10_divide31_multiply30",0.196014
"float32[1024]",1,"metal0",50.291,"vm.builtin.reshape",0.0457171
"int64[8]",1,"cpu0",0.416,"vm.builtin.make_shape",0.000378165
"float32[1, 8, 1], float32[1024, 8, 1], float32[1, 1024, 1], float32[1, 1024, 1]",1,"metal0",236.292,"fused_conv1d41_add30",0.214801
"int64[8]",1,"cpu0",0.334,"vm.builtin.make_shape",0.000303623
"int64[8]",1,"cpu0",0.292,"vm.builtin.make_shape",0.000265443
"float32[1, 1024, 1], float32[1, 1024, 1], float32[1, 1024, 1]",1,"metal0",197.958,"subtract1",0.179954
"float32[8, 1024, 1], float32[8, 1, 1]",1,"metal0",227.333,"fused_tir_square28_sum28",0.206657
"float32[8, 1, 1], float32[8, 1024, 1], float32[8, 1, 1], float32[8, 1024, 1]",1,"metal0",277.083,"fused_tir_sqrt11_divide28_multiply28",0.251883
"float32[8]",1,"metal0",33.25,"vm.builtin.reshape",0.0302259
"int64[8]",1,"cpu0",0.334,"vm.builtin.make_shape",0.000303623
"float32[1, 1024, 1], float32[8, 1024, 1], float32[1, 8, 1], float32[1, 8, 1]",1,"metal0",400.292,"fused_conv1d40_add31",0.363886
"int64[8]",1,"cpu0",0.375,"vm.builtin.make_shape",0.000340894
"float32[1, 8, 1]",1,"metal0",42.625,"vm.builtin.reshape",0.0387483
"int64[8]",1,"cpu0",0.375,"vm.builtin.make_shape",0.000340894
"float32[1, 1, 8]",1,"metal0",74.792,"vm.builtin.reshape",0.0679897
"int64[8]",1,"cpu0",0.292,"vm.builtin.make_shape",0.000265443
"float32[1, 8], float32[1, 1]",1,"metal0",205.208,"fused_tir_square29_sum29",0.186545
"int64[8]",1,"cpu0",0.458,"vm.builtin.make_shape",0.000416345
"float32[1, 1], float32[1, 8], float32[1, 8]",1,"metal0",171.958,"fused_broadcast_to_maximum_tir_sqrt12_divide29",0.156319
"float32[1024, 8], float32[1024, 1]",1,"metal0",200.458,"fused_tir_square30_sum30",0.182227
"float32[1024, 1], float32[1024, 8], float32[1024, 8]",1,"metal0",189.625,"fused_broadcast_to1_maximum1_tir_sqrt13_divide30",0.172379
"float32[1024, 8], float32[8, 1024]",1,"metal0",187.167,"transpose1",0.170144
"int64[8]",1,"cpu0",0.334,"vm.builtin.make_shape",0.000303623
"float32[1, 8], float32[1, 1]",1,"metal0",193.5,"fused_tir_square29_sum29",0.175901
"float32[1024, 8], float32[1024, 1]",1,"metal0",238.666,"fused_tir_square30_sum30",0.21696
"float32[1024, 1]",1,"metal0",53.541,"vm.builtin.reshape",0.0486715
"int64[8]",1,"cpu0",0.458,"vm.builtin.make_shape",0.000416345
"float32[1, 8], float32[8, 1024], float32[1, 1], float32[1, 1024], float32[1, 1024]",1,"metal0",239.667,"fused_matmul_multiply29_subtract_add32",0.21787
"int64[8]",1,"cpu0",0.458,"vm.builtin.make_shape",0.000416345
"float32[1, 1024], int32[1, 1024]",1,"metal0",287.042,"argsort",0.260936
"int64[8]",1,"cpu0",0.541,"vm.builtin.make_shape",0.000491797
"int64[8]",1,"cpu0",0.291,"vm.builtin.make_shape",0.000264534
"int32[1, 1024], int32[1], int32[1, 1]",1,"metal0",192.875,"take",0.175333
"int64[8]",1,"cpu0",0.417,"vm.builtin.make_shape",0.000379074
"int32[1, 1]",1,"metal0",69.292,"vm.builtin.reshape",0.06299
"int64[8]",1,"cpu0",0.375,"vm.builtin.make_shape",0.000340894
"int32[1, 1]",1,"metal0",48.083,"vm.builtin.reshape",0.0437099
"int64[8]",1,"cpu0",0.375,"vm.builtin.make_shape",0.000340894
"float32[1024, 8], int32[1], float32[1, 8]",1,"metal0",189.042,"take1",0.171849
"int64[8]",1,"cpu0",0.375,"vm.builtin.make_shape",0.000340894
"float32[1, 8]",1,"metal0",71.709,"vm.builtin.reshape",0.0651871
"int64[8]",1,"cpu0",0.541,"vm.builtin.make_shape",0.000491797
"float32[1, 1, 8]",1,"metal0",65.083,"vm.builtin.reshape",0.0591638
"float32[1024, 8, 1], float32[1024, 1, 1]",1,"metal0",224,"fused_tir_square31_sum31",0.203627
"float32[1024, 1, 1], float32[1024, 8, 1], float32[1024, 1, 1], float32[1024, 8, 1]",1,"metal0",174.75,"fused_tir_sqrt10_divide31_multiply30",0.158857
"float32[1024]",1,"metal0",55.083,"vm.builtin.reshape",0.0500733
"int64[8]",1,"cpu0",0.333,"vm.builtin.make_shape",0.000302714
"int64[8]",1,"cpu0",0.334,"vm.builtin.make_shape",0.000303623
"float32[1, 1024, 1], float32[1, 1024, 1], float32[1, 1024, 1], float32[1, 1024, 1], float32[1, 1024, 1], float32[1, 1024, 1], float32[1, 1024, 1], float32[1, 1024, 1], float32[1, 8, 1], float32[1024, 8, 1], float32[1, 1024, 1], float32[1, 1024, 1]",1,"metal0",247.083,"fused_zeros_add33_add33_add33_add33_add33_add33_add33_add33_conv1d41_add30_add33",0.224611
"int32[1, 1], int32[1, 1], int32[1, 1], int32[1, 1], int32[1, 1], int32[1, 1], int32[1, 1], int32[1, 1], int32[1, 1]",1,"metal0",33.75,"vm.builtin.make_tuple",0.0306805
"float32[1, 1024, 1]",1,"metal0",53.792,"vm.builtin.make_tuple",0.0488997
"float32[1, 1024, 1], int64[8]",1,"cpu0",1,"vm.builtin.match_shape",0.000909051
